## RECSRecommendations Upload File,,,,,,,,,,,,,,,,,,
## RECS''## RECS'' indicates a Recommendations pre-process header. Please do not remove these lines.,,,,,,,,,,,,,,,,,,
## RECS,,,,,,,,,,,,,,,,,,
## RECSUse this file to upload product display information to Recommendations. Each product has its own row. Each line must contain 19 values and if not all are filled a space should be left.,,,,,,,,,,,,,,,,,,
## RECSThe last 100 columns (entity.custom1 - entity.custom100) are custom. The name 'customN' can be replaced with a custom name such as 'onSale' or 'brand'.,,,,,,,,,,,,,,,,,,
## RECSIf the products already exist in Recommendations then changes uploaded here will override the data in Recommendations. Any new attributes entered here will be added to the product''s entry in Recommendations.,,,,,,,,,,,,,,,,,,
## RECSentity.id,entity.name,entity.categoryId,entity.message,entity.thumbnailUrl,entity.value,entity.pageUrl,entity.inventory,entity.margin,entity.brand,entity.occupation,entity.salary,entity.hours,entity.location,entity.jckeisaikbn,entity.koyokeitaikbn,entity.todofukencd,entity.officepict1,entity.officepict2,entity.bosyuninzu,entity.syokusyu,entity.gyosyu,entity.arealcd,entity.sikucyosoncd,entity.ensen,entity.eki,entity.kotukbn,entity.kotutime,entity.kotuhi,entity.teleworkingtype,entity.carflg,entity.syugyokaisi,entity.syugyokikan,entity.jikanshiftflg,entity.syugyostarthm,entity.syugyoendhm,entity.jitudohm,entity.zangyoflg,entity.zangyokbn,entity.youbishiftflg,entity.youbishift,entity.syugyokbn,entity.kyuyokbn,entity.kyuyoh,entity.kyuyod,entity.kyuyom,entity.kyuyoy,entity.fuyowakukbn,entity.ttpkoyokeitaikbn,entity.fukuri,entity.tabakokbn,entity.nendai,entity.manninzu,entity.ladyninzu,entity.floorninzu,entity.staffninzu,entity.sonota,entity.gogaku,entity.gogakutalk,entity.gogakuread,entity.excelskill,entity.syokusyu_cd
TS24-0503963,"＼給与社保経験者♪時給1860円♪在宅アリ／メガバンクGrp☆彡","派遣",,,1860,/jbch/job/tokyo/13101/sd-51/TS240503963/,1,,200001,人事（給与・社保）,"時給 1,860円～1,860円",08:45～17:00,東京都 千代田区,1,01,13,,,1,"[""人事（給与・社保）""]","[""その他金融関連""]",23,13101,"[""東京メトロ千代田線"",""ＪＲ総武線""]","[""新御茶ノ水"",""御茶ノ水""]","[""新御茶ノ水:徒歩"",""御茶ノ水:徒歩""]",,003,001,0,2024年08月上旬,6ヶ月以上（長期）,0,08:45,17:00,07:15,0,001,0,"[""月"",""火"",""水"",""木"",""金""]",001,時給,1860.00,,,,001,,"[""休憩室"",""更衣室"",""購買施設""]",禁煙（敷地内/屋内）,40代,5,8,100,,"[""大手・有名企業"",""駅から徒歩5分以内"",""派遣社員就業中"",""休憩室あり""]",,,,"[""001:文字入力・修正""]",01
TS24-0503962,"【電話なし★】残業ほぼなしでワークライフバランスとりやすい","派遣",,,1400,/jbch/job/aichi/23201/sd-51/TS240503962/,1,,200001,データエントリー業務 / 一般事務・OA事務 / 営業事務（受発注）,"時給 1,400円～1,400円",08:30～17:00,愛知県 豊橋市,1,01,23,,,1,"[""データエントリー業務"",""一般事務・OA事務"",""営業事務（受発注）""]","[""団体・組合・連合会""]",26,23201,"[""豊橋鉄道渥美線""]","[""老津""]","[""老津:車""]",,003,000,1,2024年09月上旬,6ヶ月以上（長期）,0,08:30,17:00,07:45,0,001,0,"[""月"",""火"",""水"",""木"",""金"",""祝""]",001,時給,1400.00,,,,001,,"[""休憩室"",""制服"",""更衣室"",""ロッカー""]",禁煙（敷地内/屋内）,30代,0,8,30,,"[""大手・有名企業"",""カジュアルでの通勤OK"",""未経験歓迎"",""休憩室あり"",""電話対応なし"",""髪・ネイル自由"",""事務はじめてOK""]",,,,,01
TS24-0503960,"業界未経験OK！1,600円～♪漢方等の品質管理◇神戸市西区","派遣",,,1600,/jbch/job/hyogo/28111/sd-65/TS240503960/,1,,200001,研究開発業務,"時給 1,600円以上",08:30～17:30,兵庫県 神戸市西区,1,01,28,/jbch/jcShigotoImage.do?id=OFFICE_PICT1_2agRr5bJv9swb,,1,"[""研究開発業務""]","[""医薬品"",""医薬品商社""]",27,28111,"[""ＪＲ山陽本線(神戸－門司)""]","[""明石""]","[""明石:民間バス""]",,003,000,1,2024年09月上旬,6ヶ月以上（長期）,0,08:30,17:30,08:00,1,003,0,"[""月"",""火"",""水"",""木"",""金""]",001,時給,1600.00,,,,001,,"[""食堂"",""休憩室"",""制服"",""更衣室"",""ロッカー""]",屋外での就業につき屋外喫煙可,30代,3,4,,,"[""派遣社員就業中"",""社食あり"",""休憩室あり""]",,,,,03
TS24-0503959,"【即日スタート♪】セキュリティ機器のメーカーでかんたん事務★","派遣",,,1700,/jbch/job/tokyo/13105/sd-51/TS240503959/,1,,200001,一般事務・OA事務 / 営業事務（受発注） / 営業事務（受発注以外）,"時給 1,700円～1,700円",09:00～17:45,東京都 文京区,1,01,13,/jbch/jcShigotoImage.do?id=OFFICE_PICT1_0n5l9ex3bRJWs,,1,"[""一般事務・OA事務"",""営業事務（受発注）"",""営業事務（受発注以外）""]","[""電子部品・装置・半導体""]",23,13105,"[""東京メトロ丸ノ内線(池袋－荻窪)"",""ＪＲ総武線""]","[""後楽園"",""水道橋""]","[""後楽園:徒歩"",""水道橋:徒歩""]",,003,000,0,2024年07月中旬,6ヶ月以上（長期）,0,09:00,17:45,07:45,1,003,0,"[""月"",""火"",""水"",""木"",""金""]",001,時給,1700.00,,,,001,,"[""制服"",""更衣室""]",禁煙（敷地内/屋内）,30代,2,1,23,,"[""大手・有名企業"",""駅から徒歩5分以内"",""カジュアルでの通勤OK"",""未経験歓迎""]",,,,"[""001:文字入力・修正""]",01
TS24-0503958,"正社員登用の実績あり！残業ほぼ無し♪未経験OK＆経理事務☆彡","派遣",,,1900,/jbch/job/tokyo/13103/sd-51/TS240503958/,1,,200001,経理・財務 / 一般事務・OA事務,"時給 1,900円～1,900円",09:00～18:00,東京都 港区,1,01,13,/jbch/jcShigotoImage.do?id=OFFICE_PICT1_0n5l9ex3bRJW6,,1,"[""経理・財務"",""一般事務・OA事務""]","[""繊維・アパレル・服飾品（メーカー）"",""化粧品・生活化学製品"",""その他商社""]",23,13103,"[""ＪＲ山手線"",""ゆりかもめ""]","[""田町(東京都)"",""芝浦ふ頭""]","[""田町(東京都):送迎バス"",""芝浦ふ頭:徒歩""]",,003,000,0,2024年08月上旬,6ヶ月以上（長期）,0,09:00,18:00,08:00,1,003,0,"[""月"",""火"",""水"",""木"",""金""]",001,時給,1900.00,,,,001,,"[""食堂""]",禁煙（敷地内/屋内）,30代,1,8,50,,"[""大手・有名企業"",""派遣社員就業中"",""カジュアルでの通勤OK"",""未経験歓迎"",""社食あり"",""新卒・第二新卒歓迎"",""髪・ネイル自由""]",,,,,01
TS24-0503957,"【7月開始×時短16時まで】メーカーで受発注などカンタン事務","派遣",,,1700,/jbch/job/tokyo/13105/sd-51/TS240503957/,1,,200001,一般事務・OA事務 / 営業事務（受発注） / 営業事務（受発注以外）,"時給 1,700円～1,700円",10:00～16:00,東京都 文京区,1,01,13,/jbch/jcShigotoImage.do?id=OFFICE_PICT1_2agRr5bJv9s3P,,1,"[""一般事務・OA事務"",""営業事務（受発注）"",""営業事務（受発注以外）""]","[""電子部品・装置・半導体""]",23,13105,"[""東京メトロ丸ノ内線(池袋－荻窪)"",""ＪＲ総武線""]","[""後楽園"",""水道橋""]","[""後楽園:徒歩"",""水道橋:徒歩""]",,003,000,0,2024年07月中旬,6ヶ月以上（長期）,0,10:00,16:00,05:00,1,003,0,"[""月"",""火"",""水"",""木"",""金""]",001,時給,1700.00,,,,001,,"[""制服"",""更衣室""]",禁煙（敷地内/屋内）,30代,2,1,23,,"[""大手・有名企業"",""駅から徒歩5分以内"",""カジュアルでの通勤OK"",""未経験歓迎""]",,,,"[""001:文字入力・修正""]",01
TS24-0503956,"【印西市・月10日】未経験OK！市役所での窓口対応のお仕事♪","業務スタッフ",,,1300,/jbch/job/chiba/12231/sd-51/TS240503956/,1,,200001,一般事務・OA事務 / 受付（企業受付以外） / 接客・サービス業務,"時給 1,300円～1,300円",09:00～14:00,千葉県 印西市,1,05,12,,,1,"[""一般事務・OA事務"",""受付（企業受付以外）"",""接客・サービス業務""]","[""官公庁・公社・公共団体""]",23,12231,"[""ＪＲ成田線(我孫子－成田)"",""北総鉄道北総線""]","[""木下"",""印西牧の原""]","[""木下:徒歩"",""印西牧の原:民間バス""]",,003,000,1,2024年08月上旬,6ヶ月以上（長期）,1,09:00,14:00,05:00,1,003,1,"[""月"",""火"",""水"",""木"",""金""]",,時給,1300.00,,,,002,,"[""ロッカー""]",禁煙（敷地内/屋内）,40代,0,15,,,"[""派遣社員就業中"",""未経験歓迎""]",,,,,01
TS24-0503955,"【印西市】人気の官公庁★国保に関わる窓口＆事務のお仕事★","業務スタッフ",,,1300,/jbch/job/chiba/12231/sd-51/TS240503955/,1,,200001,受付（企業受付以外） / テレマーケティング業務（受信） / 接客・サービス業務,"時給 1,300円～1,300円",08:25～17:15,千葉県 印西市,1,05,12,,,1,"[""受付（企業受付以外）"",""テレマーケティング業務（受信）"",""接客・サービス業務""]","[""官公庁・公社・公共団体""]",23,12231,"[""ＪＲ成田線(我孫子－成田)"",""北総鉄道北総線""]","[""木下"",""印西牧の原""]","[""木下:徒歩"",""印西牧の原:民間バス""]",,003,000,1,2024年08月上旬,6ヶ月以上（長期）,0,08:25,17:15,07:50,1,002,0,"[""月"",""火"",""水"",""木"",""金""]",001,時給,1300.00,,,,001,,"[""休憩室""]",禁煙（敷地内/屋内）,50代,,8,,,"[""派遣社員就業中"",""未経験歓迎"",""休憩室あり""]",,,,"[""001:文字入力・修正""]",01
TS24-0503954,"茨木駅から徒歩３分！人気の紹介予定派遣♪未経験OK×営業職","紹介予定派遣",,,1750,/jbch/job/osaka/27211/sd-57/TS240503954/,1,,200001,営業（法人）,"時給 1,750円～1,750円",08:20～16:50,大阪府 茨木市,1,02,27,,,1,"[""営業（法人）""]","[""倉庫"",""物流・運輸・旅客輸送"",""その他製造""]",27,27211,"[""ＪＲ東海道本線(米原－神戸)"",""ＪＲ東海道線""]","[""茨木"",""茨木""]","[""茨木:徒歩"",""茨木:徒歩""]",,003,000,0,2024年09月上旬,1～3ヶ月未満,0,08:20,16:50,07:45,1,002,0,"[""月"",""火"",""水"",""木"",""金""]",001,時給,1750.00,,,,001,正社員,"[""休憩室"",""制服"",""ロッカー""]",禁煙（敷地内/屋内）,30代,9,3,,,"[""駅から徒歩5分以内"",""未経験歓迎"",""休憩室あり""]",,,,,02
TS24-0503953,"【7月開始×9-17時】メーカーで受発注などカンタン事務","派遣",,,1700,/jbch/job/tokyo/13105/sd-51/TS240503953/,1,,200001,一般事務・OA事務 / 営業事務（受発注） / 営業事務（受発注以外）,"時給 1,700円～1,700円",09:00～17:00,東京都 文京区,1,01,13,/jbch/jcShigotoImage.do?id=OFFICE_PICT1_2agRr5bJv9s39,,1,"[""一般事務・OA事務"",""営業事務（受発注）"",""営業事務（受発注以外）""]","[""電子部品・装置・半導体""]",23,13105,"[""東京メトロ丸ノ内線(池袋－荻窪)"",""ＪＲ総武線""]","[""後楽園"",""水道橋""]","[""後楽園:徒歩"",""水道橋:徒歩""]",,003,000,0,2024年07月中旬,6ヶ月以上（長期）,0,09:00,17:00,07:00,1,003,0,"[""月"",""火"",""水"",""木"",""金""]",001,時給,1700.00,,,,001,,"[""制服"",""更衣室""]",禁煙（敷地内/屋内）,30代,2,1,23,,"[""大手・有名企業"",""駅から徒歩5分以内"",""カジュアルでの通勤OK"",""未経験歓迎""]",,,,"[""001:文字入力・修正""]",01
TS24-0503952,"【印西市・週5日】未経験OK！市役所での窓口対応のお仕事♪","業務スタッフ",,,1300,/jbch/job/chiba/12231/sd-51/TS240503952/,1,,200001,一般事務・OA事務 / 受付（企業受付以外） / 接客・サービス業務,"時給 1,300円～1,300円",08:25～17:15,千葉県 印西市,1,05,12,,,1,"[""一般事務・OA事務"",""受付（企業受付以外）"",""接客・サービス業務""]","[""官公庁・公社・公共団体""]",23,12231,"[""ＪＲ成田線(我孫子－成田)"",""北総鉄道北総線""]","[""木下"",""印西牧の原""]","[""木下:徒歩"",""印西牧の原:民間バス""]",,003,000,1,2024年09月上旬,6ヶ月以上（長期）,0,08:25,17:15,07:50,1,003,0,"[""月"",""火"",""水"",""木"",""金""]",001,時給,1300.00,,,,001,,"[""ロッカー""]",禁煙（敷地内/屋内）,40代,0,15,,,"[""派遣社員就業中"",""未経験歓迎""]",,,,,01
TS24-0503951,"【京浜東北線・上中里】防災メーカー/購買課でコツコツ事務★","派遣",,,1650,/jbch/job/tokyo/13117/sd-51/TS240503951/,1,,200001,一般事務・OA事務 / データエントリー業務,"時給 1,650円～1,650円",09:00～18:00,東京都 北区,1,01,13,,,1,"[""一般事務・OA事務"",""データエントリー業務""]","[""その他製造"",""繊維・アパレル商社""]",23,13117,"[""ＪＲ京浜東北線"",""東京メトロ南北線""]","[""上中里"",""西ケ原""]","[""上中里:徒歩"",""西ケ原:徒歩""]",,003,000,0,2024年08月上旬,6ヶ月以上（長期）,0,09:00,18:00,08:00,0,001,0,"[""月"",""火"",""水"",""木"",""金""]",001,時給,1650.00,,,,001,,"[""制服"",""更衣室"",""ロッカー""]",禁煙（敷地内/屋内）,40代,1,5,10,,"[""大手・有名企業"",""駅から徒歩5分以内"",""派遣社員就業中"",""カジュアルでの通勤OK"",""未経験歓迎""]",,,,"[""001:文字入力・修正""]",01
TS24-0503950,"嬉しい10時開始♪水道橋エリア☆メーカーでかんたん事務","派遣",,,1700,/jbch/job/tokyo/13105/sd-51/TS240503950/,1,,200001,一般事務・OA事務 / 営業事務（受発注） / 営業事務（受発注以外）,"時給 1,700円～1,700円",10:00～17:45,東京都 文京区,1,01,13,/jbch/jcShigotoImage.do?id=OFFICE_PICT1_16NpQHvWxIXJv,,1,"[""一般事務・OA事務"",""営業事務（受発注）"",""営業事務（受発注以外）""]","[""電子部品・装置・半導体""]",23,13105,"[""東京メトロ丸ノ内線(池袋－荻窪)"",""ＪＲ総武線""]","[""後楽園"",""水道橋""]","[""後楽園:徒歩"",""水道橋:徒歩""]",,003,000,0,2024年07月中旬,6ヶ月以上（長期）,0,10:00,17:45,06:45,1,003,0,"[""月"",""火"",""水"",""木"",""金""]",001,時給,1700.00,,,,001,,"[""制服"",""更衣室""]",禁煙（敷地内/屋内）,30代,2,1,23,,"[""大手・有名企業"",""駅から徒歩5分以内"",""カジュアルでの通勤OK"",""未経験歓迎""]",,,,"[""001:文字入力・修正""]",01
TS24-0503948,"高時給1550円↑あの国際的なイベントに関わるサポート事務♪","派遣",,,1550,/jbch/job/osaka/27125/sd-51/TS240503948/,1,,200001,営業事務（受発注以外） / 一般事務・OA事務 / 他オフィスワーク,"時給 1,550円～1,600円",08:30～17:30,大阪府 大阪市住之江区,1,01,27,,,1,"[""営業事務（受発注以外）"",""一般事務・OA事務"",""他オフィスワーク""]","[""家電販売"",""仲介・賃貸・管理""]",27,27125,"[""OsakaMetroニュートラム"",""OsakaMetroニュートラム""]","[""トレードセンター前"",""中ふ頭""]","[""トレードセンター前:徒歩"",""中ふ頭:徒歩""]",,003,000,0,2024年08月下旬,6ヶ月以上（長期）,0,08:30,17:30,08:00,1,002,0,"[""月"",""火"",""水"",""木"",""金""]",001,時給,1550.00,,,,001,,"[""休憩室"",""購買施設""]",禁煙（敷地内/屋内）,40代,4,2,6,,"[""駅から徒歩5分以内"",""未経験歓迎"",""休憩室あり""]",,,,,01
TS24-0503947,"【残業ナシ×土日休み】駅１分☆不動産企業でのサポート業務！","派遣",,,1450,/jbch/job/kanagawa/14213/sd-51/TS240503947/,1,,200001,一般事務・OA事務 / 営業事務（受発注以外） / データエントリー業務,"時給 1,450円～1,450円",09:00～18:00,神奈川県 大和市,1,01,14,,,1,"[""一般事務・OA事務"",""営業事務（受発注以外）"",""データエントリー業務""]","[""仲介・賃貸・管理""]",23,14213,"[""小田急江ノ島線"",""東急田園都市線""]","[""中央林間"",""中央林間""]","[""中央林間:徒歩"",""中央林間:徒歩""]",,003,000,0,2024年08月上旬,6ヶ月以上（長期）,0,09:00,18:00,08:00,1,003,0,"[""月"",""火"",""水"",""木"",""金""]",001,時給,1450.00,,,,001,,,禁煙（敷地内/屋内）,,8,7,,,"[""大手・有名企業"",""駅から徒歩5分以内"",""未経験歓迎"",""事務はじめてOK""]",,,,,01
TS24-0503946,"7時～12時30マデ♪／寿司や刺身★スーパーで加工業務♪","派遣",,,1500,/jbch/job/tokyo/13107/sd-69/TS240503946/,1,,200001,調理補助業務,"時給 1,500円～1,500円",07:00～12:30,東京都 墨田区,1,01,13,,,1,"[""調理補助業務""]","[""その他小売"",""仲介・賃貸・管理""]",23,13107,"[""京成押上線""]","[""京成曳舟""]","[""京成曳舟:徒歩""]",,003,000,1,2024年07月下旬,6ヶ月以上（長期）,0,07:00,12:30,05:30,0,001,1,"[""月"",""火"",""水"",""木"",""金"",""土"",""日"",""祝""]",001,時給,1500.00,,,,001,,"[""休憩室"",""制服"",""更衣室"",""ロッカー""]",禁煙（敷地内/屋内）,40代,,,3,,"[""大手・有名企業"",""未経験歓迎"",""休憩室あり""]",,,,,07
TS24-0503945,"【扶養内･期間限定】午前or午後選べる♪学童での見守り＠布袋小","派遣",,,1250,/jbch/job/aichi/23217/sd-59/TS240503945/,1,,200001,その他（専門職種） / 保育・児童指導員 / 講師・インストラクター,"時給 1,250円～1,250円",13:00～18:00,愛知県 江南市,1,01,23,,,,"[""その他（専門職種）"",""保育・児童指導員"",""講師・インストラクター""]","[""官公庁・公社・公共団体""]",26,23217,"[""名鉄犬山線""]","[""布袋""]","[""布袋:徒歩""]",,003,000,1,2024年07月下旬,1～3ヶ月未満,0,13:00,18:00,05:00,0,001,0,"[""月"",""火"",""水"",""木"",""金""]",002,時給,1250.00,,,,002,,,禁煙（敷地内/屋内）,,,,,,"[""駅から徒歩5分以内"",""カジュアルでの通勤OK"",""未経験歓迎"",""電話対応なし"",""事務はじめてOK""]",,,,,07
TS24-0503942,"月収例20万円↑＼未経験歓迎♪／商社での事務のオシゴト！","派遣",,,1300,/jbch/job/shizuoka/22102/sd-51/TS240503942/,1,,200001,営業事務（受発注） / 一般事務・OA事務,"時給 1,300円～1,300円",08:30～17:30,静岡県 静岡市駿河区,1,01,22,,,1,"[""営業事務（受発注）"",""一般事務・OA事務""]","[""半導体・電子部品商社""]",26,22102,"[""ＪＲ東海道本線(熱海－米原)""]","[""静岡""]","[""静岡:車""]",,003,000,1,2024年10月上旬,6ヶ月以上（長期）,0,08:30,17:30,08:00,0,001,0,"[""月"",""火"",""水"",""木"",""金""]",001,時給,1300.00,,,,001,,"[""制服"",""ロッカー""]",禁煙（敷地内/屋内）,30代,2,3,5,,"[""大手・有名企業"",""未経験歓迎"",""新卒・第二新卒歓迎"",""事務はじめてOK""]",,,,"[""001:文字入力・修正""]",01
TS24-0503940,"【8月お盆明け開始】在宅週2.3日♪穏やか日系メーカー★安定長期","派遣",,,1800,/jbch/job/tokyo/13109/sd-51/TS240503940/,1,,200001,一般事務・OA事務 / 営業事務（受発注以外）,"時給 1,800円～1,800円",09:00～17:30,東京都 品川区,1,01,13,/jbch/jcShigotoImage.do?id=OFFICE_PICT1_2agRr5bJv9s9b,/jbch/jcShigotoImage.do?id=OFFICE_PICT2_2agRr5bJv9s9b,1,"[""一般事務・OA事務"",""営業事務（受発注以外）""]","[""鉄鋼・非鉄・鋼材""]",23,13109,"[""ＪＲ山手線"",""京急本線""]","[""大崎"",""北品川""]","[""大崎:徒歩"",""北品川:徒歩""]",,003,001,0,2024年08月中旬,6ヶ月以上（長期）,0,09:00,17:30,07:45,1,002,0,"[""月"",""火"",""水"",""木"",""金""]",001,時給,1800.00,,,,001,,"[""食堂"",""休憩室"",""ロッカー""]",禁煙（敷地内/屋内）,40代,4,2,150,,"[""大手・有名企業"",""未経験歓迎"",""社食あり"",""休憩室あり""]",,,,"[""001:文字入力・修正""]",01
TS24-0503938,"＼直接雇用の実績あり☆／憧れの高級車のショールーム受付♪","派遣",,,1650,/jbch/job/tokyo/13110/sd-51/TS240503938/,1,,200001,受付（企業受付以外） / 接客・サービス業務 / 一般事務・OA事務,"時給 1,650円～1,650円",09:30～18:00,東京都 目黒区,1,01,13,,,1,"[""受付（企業受付以外）"",""接客・サービス業務"",""一般事務・OA事務""]","[""自動車販売"",""その他小売""]",23,13110,"[""ＪＲ山手線"",""東急東横線""]","[""目黒"",""学芸大学""]","[""目黒:民間バス"",""学芸大学:徒歩""]",,003,000,0,2024年08月上旬,6ヶ月以上（長期）,0,09:30,18:00,07:30,1,002,0,"[""月"",""木"",""金"",""土"",""日"",""祝""]",001,時給,1650.00,,,,001,,"[""休憩室"",""制服"",""更衣室"",""ロッカー""]",禁煙（敷地内/屋内）,30代,9,3,20,,"[""大手・有名企業"",""外資系企業"",""未経験歓迎"",""休憩室あり"",""事務はじめてOK""]",,,,,01
TS24-0503937,"【未経験OK】入力ができればOK！午後勤務＆土日出勤あり！1500円","派遣",,,1500,/jbch/job/tokyo/13102/sd-51/TS240503937/,1,,200001,一般事務・OA事務 / データエントリー業務 / ファイリング業務,"時給 1,500円～1,500円",10:00～18:00,東京都 中央区,1,01,13,,,1,"[""一般事務・OA事務"",""データエントリー業務"",""ファイリング業務""]","[""新聞・出版"",""印刷・製版"",""放送局・通信社""]",23,13102,"[""東京メトロ日比谷線"",""東京メトロ有楽町線""]","[""築地"",""新富町(東京都)""]","[""築地:徒歩"",""新富町(東京都):徒歩""]",,003,000,0,2024年07月下旬,6ヶ月以上（長期）,1,10:00,18:00,07:00,0,001,1,"[""月"",""火"",""水"",""木"",""金"",""土"",""日"",""祝""]",001,時給,1500.00,,,,001,,"[""休憩室""]",禁煙（敷地内/屋内）,30代,6,4,100,,"[""大手・有名企業"",""駅から徒歩5分以内"",""派遣社員就業中"",""カジュアルでの通勤OK"",""未経験歓迎"",""休憩室あり"",""髪・ネイル自由"",""事務はじめてOK""]",,,,"[""001:文字入力・修正""]",01
TS24-0503935,"扶養枠内≪月8日×17:00≫コンサル会社で経理★30-50代活躍♪","派遣",,,1700,/jbch/job/tokyo/13103/sd-51/TS240503935/,1,,200001,経理・財務,"時給 1,700円～1,700円",09:00～17:00,東京都 港区,1,01,13,,,1,"[""経理・財務""]","[""コンサル・シンクタンク""]",23,13103,"[""ＪＲ山手線"",""都営浅草線""]","[""田町(東京都)"",""三田(東京都)""]","[""田町(東京都):徒歩"",""三田(東京都):徒歩""]",,003,000,0,2024年08月上旬,6ヶ月以上（長期）,0,09:00,17:00,07:00,0,001,1,"[""月"",""火"",""水"",""木"",""金""]",003,時給,1700.00,,,,001,,"[""休憩室""]",禁煙（敷地内/屋内）,40代,5,5,10,,"[""駅から徒歩5分以内"",""未経験歓迎"",""休憩室あり""]",,,,,01
TS24-0503934,"＼夢が膨らむ♪旅行／未経験OK！事務サポート＆広告校正サポート","派遣",,,1800,/jbch/job/tokyo/13103/sd-51/TS240503934/,1,,200001,旅行事務 / 一般事務・OA事務 / 広告デザイン業務,"時給 1,800円～1,800円",09:30～18:10,東京都 港区,1,01,13,,,1,"[""旅行事務"",""一般事務・OA事務"",""広告デザイン業務""]","[""旅行代理店"",""ホテル・旅館・式場""]",23,13103,"[""ＪＲ山手線"",""ゆりかもめ""]","[""浜松町"",""竹芝""]","[""浜松町:徒歩"",""竹芝:徒歩""]",,003,000,0,2024年08月上旬,6ヶ月以上（長期）,0,09:30,18:10,07:40,1,002,0,"[""月"",""火"",""水"",""木"",""金""]",001,時給,1800.00,,,,001,,"[""休憩室"",""購買施設""]",禁煙（敷地内/屋内）,30代,10,20,100,,"[""大手・有名企業"",""駅から徒歩5分以内"",""派遣社員就業中"",""未経験歓迎"",""休憩室あり"",""事務はじめてOK""]",,,,"[""001:文字入力・修正""]",01
TS24-0503933,"【実働6時間】11-18時まで★時給1570円★コツコツ情報の入力事務","派遣",,,1570,/jbch/job/tokyo/13102/sd-51/TS240503933/,1,,200001,一般事務・OA事務 / データエントリー業務 / ファイリング業務,"時給 1,570円～1,570円",11:00～18:00,東京都 中央区,1,01,13,,,1,"[""一般事務・OA事務"",""データエントリー業務"",""ファイリング業務""]","[""その他"",""新聞・出版"",""映像・番組制作・ポスプロ・配給"",""芸能・音楽・その他マスコミ""]",23,13102,"[""東京メトロ日比谷線"",""東京メトロ有楽町線""]","[""築地"",""新富町(東京都)""]","[""築地:徒歩"",""新富町(東京都):徒歩""]",,003,000,0,2024年07月中旬,6ヶ月以上（長期）,0,11:00,18:00,06:00,0,001,0,"[""月"",""火"",""水"",""木"",""金""]",001,時給,1570.00,,,,001,,,禁煙（敷地内/屋内）,30代,6,4,0,,"[""駅から徒歩5分以内"",""カジュアルでの通勤OK"",""未経験歓迎"",""電話対応なし"",""髪・ネイル自由"",""事務はじめてOK""]",,,,,01
TS24-0503932,"在宅あり☆時短OK！〈かんたん事務〉フリードリンクあり◎","派遣",,,1900,/jbch/job/tokyo/13103/sd-51/TS240503932/,1,,200001,一般事務・OA事務 / 営業事務（受発注以外）,"時給 1,900円～1,900円",10:00～18:00,東京都 港区,1,01,13,,,1,"[""一般事務・OA事務"",""営業事務（受発注以外）""]","[""ソフトウェア開発"",""コンサル・シンクタンク""]",23,13103,"[""ＪＲ山手線"",""都営大江戸線""]","[""新橋"",""汐留""]","[""新橋:徒歩"",""汐留:徒歩""]",,003,001,0,2024年08月上旬,6ヶ月以上（長期）,0,10:00,18:00,07:00,0,001,0,"[""月"",""火"",""水"",""木"",""金""]",001,時給,1900.00,,,,001,,"[""更衣室""]",禁煙（敷地内/屋内）,30代,2,5,50,,"[""大手・有名企業"",""派遣社員就業中"",""未経験歓迎"",""新卒・第二新卒歓迎"",""駅直結""]",,,,,01
TS24-0503930,"環境の良さに定評あり！難しいスキル不要＆残業少なめ♪広報事務","派遣",,,1850,/jbch/job/tokyo/13109/sd-51/TS240503930/,1,,200001,一般事務・OA事務 / 広報業務 / 営業事務（受発注以外）,"時給 1,850円～1,850円",09:00～17:30,東京都 品川区,1,01,13,/jbch/jcShigotoImage.do?id=OFFICE_PICT1_2agRr5bJv9sIb,/jbch/jcShigotoImage.do?id=OFFICE_PICT2_2agRr5bJv9sIb,1,"[""一般事務・OA事務"",""広報業務"",""営業事務（受発注以外）""]","[""ソフトウェア開発"",""情報提供サービス・インターネット関連"",""コンサル・シンクタンク""]",23,13109,"[""ＪＲ山手線"",""東京臨海高速鉄道りんかい線""]","[""大崎"",""大崎""]","[""大崎:徒歩"",""大崎:徒歩""]",,003,000,0,2024年08月上旬,6ヶ月以上（長期）,0,09:00,17:30,07:30,1,002,0,"[""月"",""火"",""水"",""木"",""金""]",001,時給,1850.00,,,,001,,"[""休憩室""]",禁煙（敷地内/屋内）,30代,7,10,,,"[""大手・有名企業"",""派遣社員就業中"",""未経験歓迎"",""休憩室あり"",""駅直結""]",,,,"[""001:文字入力・修正""]",01
TS24-0503929,"世界に向けた内視鏡開発/ 医療機器ドキュメント作成/ 時給3000円","派遣",,,3000,/jbch/job/kanagawa/14366/sd-65/TS240503929/,1,,200001,研究開発業務,"時給 3,000円～3,400円",08:20～16:45,神奈川県 足柄上郡開成町,1,01,14,,,1,"[""研究開発業務""]","[""化学工業製品"",""医療機器"",""石油精製・石油製品""]",23,14366,"[""小田急小田原線"",""伊豆箱根鉄道大雄山線""]","[""開成"",""和田河原""]","[""開成:送迎バス"",""和田河原:徒歩""]",,003,000,1,2024年09月上旬,6ヶ月以上（長期）,0,08:20,16:45,07:25,0,001,0,"[""月"",""火"",""水"",""木"",""金""]",001,時給,3000.00,,,,001,,"[""食堂"",""制服""]",禁煙（敷地内/屋内）,,7,,,,"[""大手・有名企業"",""英語を使う仕事"",""カジュアルでの通勤OK"",""社食あり""]","[""英語""]",,"[""英語:メモ・手紙""]","[""001:文字入力・修正""]",03
TS24-0503926,"＜8月＞在宅あり★大手G広告//役員の秘書業務＠月収24万↑","派遣",,,1800,/jbch/job/tokyo/13101/sd-51/TS240503926/,1,,200001,秘書業務（日本系）,"時給 1,800円～1,800円",10:00～18:00,東京都 千代田区,1,01,13,,,1,"[""秘書業務（日本系）""]","[""芸能・音楽・その他マスコミ""]",23,13101,"[""東京メトロ丸ノ内線(池袋－荻窪)"",""東京メトロ銀座線""]","[""国会議事堂前"",""溜池山王""]","[""国会議事堂前:徒歩"",""溜池山王:徒歩""]",,003,001,0,2024年08月上旬,6ヶ月以上（長期）,0,10:00,18:00,07:00,0,001,0,"[""月"",""火"",""水"",""木"",""金""]",001,時給,1800.00,,,,001,,,禁煙（敷地内/屋内）,,,,,,"[""駅から徒歩5分以内"",""未経験歓迎""]",,,,,01
TS24-0503925,"【箕面市】未経験スタートOK！車通勤OK！受付＋事務のお仕事","派遣",,,1550,/jbch/job/osaka/27220/sd-51/TS240503925/,1,,200001,受付（企業受付以外） / 営業（個人） / 接客・サービス業務,"時給 1,550円～1,550円",09:30～19:00,大阪府 箕面市,1,01,27,,,3,"[""受付（企業受付以外）"",""営業（個人）"",""接客・サービス業務""]","[""自動車販売"",""修理・保守・メンテナンス""]",27,27220,"[""国際文化公園都市モノレール""]","[""豊川(大阪府)""]","[""豊川(大阪府):車""]",,003,000,1,2024年09月上旬,6ヶ月以上（長期）,1,09:30,19:00,08:00,0,001,1,"[""月"",""火"",""木"",""金"",""土"",""祝""]",001,時給,1550.00,,,,001,,"[""休憩室"",""制服"",""ロッカー""]",禁煙（敷地内/屋内）,30代,14,6,50,,"[""大手・有名企業"",""複数名募集"",""未経験歓迎"",""休憩室あり""]",,,,,01
TS24-0503923,"＼武蔵境×1500円／土日を含む週3日～5日★クリニック受付事務♪","派遣",,,1500,/jbch/job/tokyo/13203/sd-51/TS240503923/,1,,200001,一般事務・OA事務,"時給 1,500円～1,500円",08:30～20:00,東京都 武蔵野市,1,01,13,,,1,"[""一般事務・OA事務""]","[""病院・診療所""]",23,13203,"[""ＪＲ中央線"",""西武多摩川線""]","[""武蔵境"",""武蔵境""]","[""武蔵境:徒歩"",""武蔵境:徒歩""]",,003,000,0,2024年09月上旬,6ヶ月以上（長期）,1,08:30,20:00,08:00,0,001,1,"[""月"",""火"",""水"",""木"",""金"",""土"",""日"",""祝""]",002,時給,1500.00,,,,001,,,禁煙（敷地内/屋内）,30代,,,,,"[""駅から徒歩5分以内"",""未経験歓迎""]",,,,"[""001:文字入力・修正""]",01
TS24-0503922,"【9月開始】今流行りのスキマバイト♪パーソルGrで運営企業あり","派遣",,,1800,/jbch/job/tokyo/13103/sd-51/TS240503922/,1,,200001,一般事務・OA事務 / 営業事務（受発注以外） / データエントリー業務,"時給 1,800円～1,800円",09:30～18:30,東京都 港区,1,01,13,,,1,"[""一般事務・OA事務"",""営業事務（受発注以外）"",""データエントリー業務""]","[""人材サービス""]",23,13103,"[""東京メトロ千代田線"",""東京メトロ半蔵門線""]","[""乃木坂"",""青山一丁目""]","[""乃木坂:徒歩"",""青山一丁目:徒歩""]",,003,001,0,2024年09月上旬,6ヶ月以上（長期）,0,09:30,18:30,08:00,1,002,0,"[""月"",""火"",""水"",""木"",""金""]",001,時給,1800.00,,,,001,,"[""休憩室"",""購買施設""]",分煙（喫煙場所/専用室設定）,30代,8,6,40,,"[""駅から徒歩5分以内"",""カジュアルでの通勤OK"",""休憩室あり"",""電話対応なし"",""髪・ネイル自由""]",,,,"[""008:ピボットテーブル"",""005:VLOOKUP関数"",""003:SUM関数・簡易計算式""]",01
TS24-0503919,"＜8月中旬＞人気の在宅あり♪チームで事務のおしごと★＠大崎","派遣",,,1790,/jbch/job/tokyo/13109/sd-51/TS240503919/,1,,200001,データエントリー業務 / 一般事務・OA事務,"時給 1,790円～1,790円",09:00～17:30,東京都 品川区,1,01,13,,,1,"[""データエントリー業務"",""一般事務・OA事務""]","[""システムインテグレータ"",""ソフトウェア開発"",""その他サービス""]",23,13109,"[""ＪＲ埼京線"",""東急池上線""]","[""大崎"",""大崎広小路""]","[""大崎:徒歩"",""大崎広小路:徒歩""]",,003,001,0,2024年08月中旬,6ヶ月以上（長期）,0,09:00,17:30,07:45,1,002,0,"[""月"",""火"",""水"",""木"",""金""]",001,時給,1790.00,,,,001,,,禁煙（敷地内/屋内）,,20,40,200,,"[""大手・有名企業"",""駅から徒歩5分以内"",""派遣社員就業中"",""カジュアルでの通勤OK"",""髪・ネイル自由""]",,,,"[""003:SUM関数・簡易計算式"",""001:文字入力・修正""]",01
TS24-0503917,"【在宅あり】時間帯の相談OK＼1800円／入力多めコツコツ事務","派遣",,,1800,/jbch/job/tokyo/13113/sd-51/TS240503917/,1,,200001,一般事務・OA事務,"時給 1,800円～1,800円",08:30～17:30,東京都 渋谷区,1,01,13,,,1,"[""一般事務・OA事務""]","[""総合建設（ゼネコン）"",""仲介・賃貸・管理""]",23,13113,"[""東京メトロ副都心線"",""ＪＲ山手線""]","[""北参道"",""代々木""]","[""北参道:徒歩"",""代々木:徒歩""]",,003,001,0,2024年08月上旬,6ヶ月以上（長期）,0,08:30,17:30,08:00,1,002,0,"[""月"",""火"",""水"",""木"",""金""]",001,時給,1800.00,,,,001,,"[""休憩室""]",禁煙（敷地内/屋内）,30代,3,4,70,,"[""大手・有名企業"",""駅から徒歩5分以内"",""未経験歓迎"",""休憩室あり"",""髪・ネイル自由""]",,,,"[""001:文字入力・修正""]",01
TS24-0503916,"茅場町【時給1900円】電話少なめ☆経理事務＜40～50代活躍！＞","派遣",,,1900,/jbch/job/tokyo/13102/sd-51/TS240503916/,1,,200001,経理・財務,"時給 1,900円～1,900円",08:30～17:30,東京都 中央区,1,01,13,,,1,"[""経理・財務""]","[""医療機器商社"",""機械・電機・ＯＡ商社"",""プラントエンジニアリング・設備工事""]",23,13102,"[""東京メトロ東西線"",""ＪＲ京葉線(東京－蘇我)""]","[""茅場町"",""八丁堀(東京都)""]","[""茅場町:徒歩"",""八丁堀(東京都):徒歩""]",,003,000,0,2024年08月上旬,6ヶ月以上（長期）,0,08:30,17:30,08:00,1,002,0,"[""月"",""火"",""水"",""木"",""金""]",001,時給,1900.00,,,,001,,"[""ロッカー""]",禁煙（敷地内/屋内）,50代,1,1,30,,,,,,"[""001:文字入力・修正""]",01
TS24-0503914,"＼同業務10名↑／高時給1500円★自転車通勤OK♪人事労務事務☆","派遣",,,1500,/jbch/job/osaka/27119/sd-51/TS240503914/,1,,200001,人事（給与・社保） / 総務事務 / 一般事務・OA事務,"時給 1,500円～1,500円",09:00～17:45,大阪府 大阪市阿倍野区,1,01,27,,,1,"[""人事（給与・社保）"",""総務事務"",""一般事務・OA事務""]","[""加工食品・油・調味料"",""食品商社""]",27,27119,"[""OsakaMetro御堂筋線"",""ＪＲ阪和線(天王寺－和歌山)""]","[""西田辺"",""南田辺""]","[""西田辺:徒歩"",""南田辺:徒歩""]",,003,000,0,2024年07月下旬,6ヶ月以上（長期）,0,09:00,17:45,08:00,0,001,0,"[""月"",""火"",""水"",""木"",""金""]",001,時給,1500.00,,,,001,,"[""食堂"",""休憩室"",""更衣室"",""ロッカー""]",禁煙（敷地内/屋内）,40代,4,6,20,,"[""大手・有名企業"",""駅から徒歩5分以内"",""未経験歓迎"",""社食あり"",""休憩室あり"",""新卒・第二新卒歓迎"",""髪・ネイル自由""]",,,,"[""001:文字入力・修正""]",01
TS24-0503913,"1850円／出張手配などの秘書業務＼未経験OK◎17時台定時☆","派遣",,,1850,/jbch/job/tokyo/13103/sd-51/TS240503913/,1,,200001,秘書業務（日本系） / 一般事務・OA事務,"時給 1,850円～1,850円",09:00～17:45,東京都 港区,1,01,13,,,1,"[""秘書業務（日本系）"",""一般事務・OA事務""]","[""その他サービス"",""団体・組合・連合会""]",23,13103,"[""東京メトロ銀座線"",""東京メトロ南北線""]","[""虎ノ門"",""溜池山王""]","[""虎ノ門:徒歩"",""溜池山王:徒歩""]",,003,000,0,2024年08月上旬,6ヶ月以上（長期）,0,09:00,17:45,07:45,0,001,0,"[""月"",""火"",""水"",""木"",""金""]",001,時給,1850.00,,,,001,,,禁煙（敷地内/屋内）,30代,10,10,50,,"[""大手・有名企業"",""駅から徒歩5分以内"",""未経験歓迎""]",,,,"[""001:文字入力・修正""]",01
TS24-0503911,"【週4日×６H】高時給2000円！スキル活かせる★経理のオシゴト♪","派遣",,,2000,/jbch/job/tokyo/13109/sd-51/TS240503911/,1,,200001,経理・財務 / 一般事務・OA事務,"時給 2,000円～2,000円",10:00～18:00,東京都 品川区,1,01,13,,,1,"[""経理・財務"",""一般事務・OA事務""]","[""その他サービス"",""外食・フードサービス"",""旅行代理店""]",23,13109,"[""ＪＲ山手線"",""都営浅草線""]","[""五反田"",""高輪台""]","[""五反田:徒歩"",""高輪台:徒歩""]",,003,000,0,2024年08月上旬,6ヶ月以上（長期）,0,10:00,18:00,07:00,0,001,0,"[""月"",""火"",""水"",""木"",""金""]",002,時給,2000.00,,,,001,,"[""休憩室""]",禁煙（敷地内/屋内）,40代,3,15,80,,"[""駅から徒歩5分以内"",""派遣社員就業中"",""カジュアルでの通勤OK"",""未経験歓迎"",""休憩室あり""]",,,,"[""005:VLOOKUP関数""]",01
TS24-0503910,"【うれしい17時台定時！】★営業事務★やる気重視！★大手G会社","紹介予定派遣",,,1800,/jbch/job/tokyo/13102/sd-51/TS240503910/,1,,200001,営業事務（受発注） / 営業事務（受発注以外）,"時給 1,800円～1,800円",08:55～17:15,東京都 中央区,1,02,13,,,1,"[""営業事務（受発注）"",""営業事務（受発注以外）""]","[""機械・電機・ＯＡ商社""]",23,13102,"[""都営大江戸線"",""ＪＲ山手線""]","[""築地市場"",""新橋""]","[""築地市場:徒歩"",""新橋:徒歩""]",,003,000,0,2024年07月上旬,6ヶ月以上（長期）,0,08:55,17:15,07:20,1,003,0,"[""月"",""火"",""水"",""木"",""金""]",001,時給,1800.00,,,,001,正社員,,禁煙（敷地内/屋内）,,7,3,50,,"[""大手・有名企業"",""駅から徒歩5分以内""]",,,,,01
TS24-0503906,"17時定時×残業なし★超大手金融企業で事務サポ♪高時給1900円！","派遣",,,1900,/jbch/job/tokyo/13103/sd-51/TS240503906/,1,,200001,営業事務（受発注以外） / 一般事務・OA事務,"時給 1,900円～1,900円",09:00～17:00,東京都 港区,1,01,13,,,1,"[""営業事務（受発注以外）"",""一般事務・OA事務""]","[""証券"",""その他金融関連""]",23,13103,"[""都営大江戸線"",""東京メトロ千代田線""]","[""六本木"",""乃木坂""]","[""六本木:徒歩"",""乃木坂:徒歩""]",,003,000,0,2024年07月下旬,6ヶ月以上（長期）,0,09:00,17:00,07:00,0,001,0,"[""月"",""火"",""水"",""木"",""金""]",001,時給,1900.00,,,,001,,,禁煙（敷地内/屋内）,30代,3,2,20,,"[""駅から徒歩5分以内"",""未経験歓迎""]",,,,"[""003:SUM関数・簡易計算式""]",01
TS24-0503905,"【時給1700円】部署運営にかかわる日程・メールのチェック・管理","派遣",,,1700,/jbch/job/mie/24207/sd-51/TS240503905/,1,,200001,他オフィスワーク / 一般事務・OA事務 / 研究開発業務,"時給 1,700円～1,700円",08:30～17:15,三重県 鈴鹿市,1,01,24,,,1,"[""他オフィスワーク"",""一般事務・OA事務"",""研究開発業務""]","[""精密機械"",""重工業・輸送用機器""]",26,24207,"[""近鉄鈴鹿線"",""近鉄名古屋線""]","[""三日市"",""白子""]","[""三日市:車"",""白子:民間バス""]",,003,000,1,2024年08月上旬,6ヶ月以上（長期）,0,08:30,17:15,07:45,1,003,0,"[""月"",""火"",""水"",""木"",""金"",""祝""]",001,時給,1700.00,,,,001,,"[""食堂"",""休憩室"",""制服"",""更衣室"",""ロッカー"",""購買施設""]",禁煙（敷地内/屋内）,,,,100,,"[""大手・有名企業"",""社食あり"",""休憩室あり""]",,,,"[""003:SUM関数・簡易計算式"",""002:表作成"",""001:文字入力・修正""]",01
TS24-0503902,"《未経験OK》土日祝休み・軽作業のおしごと♪時給1200円","派遣",,,1200,/jbch/job/nagano/20201/sd-66/TS240503902/,1,,200001,軽作業,"時給 1,200円～1,200円",08:30～17:30,長野県 長野市,1,01,20,,,1,"[""軽作業""]","[""建築設計""]",24,20201,"[""ＪＲ篠ノ井線""]","[""篠ノ井""]","[""篠ノ井:車""]",,003,000,1,2024年07月中旬,6ヶ月以上（長期）,0,08:30,17:30,08:00,1,003,0,"[""月"",""火"",""水"",""木"",""金""]",001,時給,1200.00,,,,001,,"[""休憩室"",""制服"",""更衣室""]",禁煙（敷地内/屋内）,,15,15,,,"[""大手・有名企業"",""派遣社員就業中"",""未経験歓迎"",""休憩室あり""]",,,,,06
TS24-0503901,"【正社員へ】経理｜キャリア･経験UP｜手当･待遇◎｜谷九･上本町","紹介予定派遣",,,1530,/jbch/job/osaka/27128/sd-51/TS240503901/,1,,200001,経理・財務 / 一般事務・OA事務 / データエントリー業務,"時給 1,530円～1,550円",09:00～17:15,大阪府 大阪市中央区,1,02,27,,,1,"[""経理・財務"",""一般事務・OA事務"",""データエントリー業務""]","[""化学・石油商社""]",27,27128,"[""近鉄難波線"",""OsakaMetro谷町線""]","[""大阪上本町"",""谷町九丁目""]","[""大阪上本町:徒歩"",""谷町九丁目:徒歩""]",,003,000,0,2024年07月下旬,6ヶ月以上（長期）,0,09:00,17:15,07:15,1,002,0,"[""月"",""火"",""水"",""木"",""金""]",001,時給,1530.00,,,,001,正社員,"[""休憩室"",""ロッカー""]",禁煙（敷地内/屋内）,,1,2,30,,"[""駅から徒歩5分以内"",""未経験歓迎"",""休憩室あり""]",,,,,01
TS24-0503899,"【在宅あり】高時給1880円★お休み多め日立Gで人事･研修アシ♪","派遣",,,1880,/jbch/job/tokyo/13109/sd-51/TS240503899/,1,,200001,人事（採用） / 人事（給与・社保、採用以外）,"時給 1,880円以上",08:50～17:20,東京都 品川区,1,01,13,,,1,"[""人事（採用）"",""人事（給与・社保、採用以外）""]","[""ソフトウェア開発"",""その他サービス""]",23,13109,"[""ＪＲ京浜東北線"",""京急本線""]","[""大森(東京都)"",""大森海岸""]","[""大森(東京都):徒歩"",""大森海岸:徒歩""]",,003,001,0,2024年08月上旬,6ヶ月以上（長期）,0,08:50,17:20,07:45,1,002,0,"[""月"",""火"",""水"",""木"",""金""]",001,時給,1880.00,,,,001,,"[""ロッカー""]",禁煙（敷地内/屋内）,40代,2,4,200,,"[""大手・有名企業"",""駅から徒歩5分以内"",""未経験歓迎""]",,,,"[""003:SUM関数・簡易計算式""]",01
TS24-0503898,"◇岡山駅スグ＼有名★化粧品メーカーで事務／ほぼ電話ナシ♪","派遣",,,1250,/jbch/job/okayama/33101/sd-51/TS240503898/,1,,200001,営業事務（受発注以外） / 一般事務・OA事務,"時給 1,250円～1,250円",09:30～18:15,岡山県 岡山市北区,1,01,33,,,1,"[""営業事務（受発注以外）"",""一般事務・OA事務""]","[""化学・石油商社""]",28,33101,"[""ＪＲ山陽本線(神戸－門司)"",""岡山電気軌道東山線""]","[""岡山"",""岡山駅前""]","[""岡山:徒歩"",""岡山駅前:徒歩""]",,003,000,1,2024年08月上旬,6ヶ月以上（長期）,0,09:30,18:15,07:45,1,002,0,"[""月"",""火"",""水"",""木"",""金""]",001,時給,1250.00,,,,001,,"[""休憩室"",""ロッカー""]",禁煙（敷地内/屋内）,40代,5,46,,,"[""大手・有名企業"",""駅から徒歩5分以内"",""未経験歓迎"",""休憩室あり"",""髪・ネイル自由""]",,,,"[""008:ピボットテーブル"",""006:IF関数"",""005:VLOOKUP関数""]",01
TS24-0503896,"<<事務未経験OK♪日曜+もう1日休み>>大手Gr☆空室の問合せ＆事務","派遣",,,1650,/jbch/job/tokyo/13103/sd-56/TS240503896/,1,,200001,テレマーケティング業務（受信） / 一般事務・OA事務 / 不動産事務,"時給 1,650円以上",09:30～17:30,東京都 港区,1,01,13,,,1,"[""テレマーケティング業務（受信）"",""一般事務・OA事務"",""不動産事務""]","[""仲介・賃貸・管理""]",23,13103,"[""東京メトロ銀座線"",""東京メトロ千代田線""]","[""青山一丁目"",""乃木坂""]","[""青山一丁目:徒歩"",""乃木坂:徒歩""]",,003,000,0,2024年07月中旬,6ヶ月以上（長期）,0,09:30,17:30,07:00,0,001,1,"[""月"",""火"",""水"",""木"",""金"",""土"",""祝""]",001,時給,1650.00,,,,001,,,禁煙（敷地内/屋内）,30代,3,47,116,,"[""大手・有名企業"",""駅から徒歩5分以内"",""派遣社員就業中"",""事務はじめてOK""]",,,,,01
TS24-0503894,"≪簿記活かせる≫未経験OK＊経理事務＼フレックス制で柔軟に♪／","契約社員",,,,/jbch/job/shizuoka/22213/sd-51/TS240503894/,1,,200001,経理・財務 / 一般事務・OA事務 / 総務事務,"年収 252万円～315万円",09:00～17:45,静岡県 掛川市,1,04,22,,,1,"[""経理・財務"",""一般事務・OA事務"",""総務事務""]","[""その他小売"",""修理・保守・メンテナンス""]",26,22213,"[""天竜浜名湖鉄道"",""ＪＲ東海道本線(熱海－米原)""]","[""桜木(静岡県)"",""掛川""]","[""桜木(静岡県):徒歩"",""掛川:車""]",,002,001,1,,6ヶ月以上（長期）,0,09:00,17:45,07:45,1,002,0,"[""月"",""火"",""水"",""木"",""金""]",001,年収,,,,252.00,001,,"[""食堂"",""休憩室"",""更衣室"",""ロッカー"",""購買施設"",""診療所""]",禁煙（敷地内/屋内）,50代,3,1,,,"[""未経験歓迎"",""社食あり"",""休憩室あり"",""髪・ネイル自由""]",,,,"[""001:文字入力・修正""]",01
TS24-0503891,"【在宅あり】大手メーカーで貿易☆時給1600円♪テンプの方いる♪","派遣",,,1600,/jbch/job/osaka/27224/sd-51/TS240503891/,1,,200001,貿易補助業務 / 輸出業務 / 海外営業事務,"時給 1,600円～1,600円",09:00～17:45,大阪府 摂津市,1,01,27,,,1,"[""貿易補助業務"",""輸出業務"",""海外営業事務""]","[""医療機器"",""医薬品""]",27,27224,"[""ＪＲ東海道線"",""阪急京都本線""]","[""岸辺"",""正雀""]","[""岸辺:徒歩"",""正雀:徒歩""]",,003,001,0,2024年08月上旬,6ヶ月以上（長期）,0,09:00,17:45,08:00,1,002,0,"[""月"",""火"",""水"",""木"",""金""]",001,時給,1600.00,,,,001,,"[""食堂"",""休憩室"",""購買施設""]",禁煙（敷地内/屋内）,30代,4,13,80,,"[""大手・有名企業"",""英語を使う仕事"",""派遣社員就業中"",""未経験歓迎"",""社食あり"",""休憩室あり"",""髪・ネイル自由""]","[""英語""]",,"[""英語:メモ・手紙""]","[""003:SUM関数・簡易計算式"",""001:文字入力・修正""]",01
TS24-0503890,"【扶養内･期間限定】午前or午後選べる♪学童での見守り＠門弟山","派遣",,,1250,/jbch/job/aichi/23217/sd-59/TS240503890/,1,,200001,その他（専門職種） / 保育・児童指導員 / 講師・インストラクター,"時給 1,250円～1,250円",09:00～12:00,愛知県 江南市,1,01,23,,,,"[""その他（専門職種）"",""保育・児童指導員"",""講師・インストラクター""]","[""官公庁・公社・公共団体""]",26,23217,"[""名鉄犬山線"",""名鉄各務原線""]","[""江南(愛知県)"",""各務原市役所前""]","[""江南(愛知県):車"",""各務原市役所前:車""]",,003,000,1,2024年07月下旬,1～3ヶ月未満,0,09:00,12:00,03:00,0,001,0,"[""月"",""火"",""水"",""木"",""金""]",002,時給,1250.00,,,,002,,,禁煙（敷地内/屋内）,40代,,,,,"[""カジュアルでの通勤OK"",""未経験歓迎"",""電話対応なし"",""事務はじめてOK""]",,,,,07
TS24-0503888,"ちょこっと働きたい方にぴったり♪40～50代活躍中★注文受付","派遣",,,1300,/jbch/job/hyogo/28202/sd-51/TS240503888/,1,,200001,一般事務・OA事務 / テレマーケティング業務（受信） / データエントリー業務,"時給 1,300円～1,300円",13:55～19:00,兵庫県 尼崎市,1,01,28,,,,"[""一般事務・OA事務"",""テレマーケティング業務（受信）"",""データエントリー業務""]","[""電信・電話"",""その他サービス"",""物流・運輸・旅客輸送"",""その他小売""]",27,28202,"[""阪神本線"",""阪神本線""]","[""尼崎(阪神線)"",""尼崎センタープール前""]","[""尼崎(阪神線):車"",""尼崎センタープール前:徒歩""]",,003,000,0,2024年07月中旬,6ヶ月以上（長期）,0,13:55,19:00,05:05,0,001,0,"[""月"",""火"",""水"",""木"",""金"",""土""]",001,時給,1300.00,,,,002,,"[""休憩室"",""ロッカー""]",禁煙（敷地内/屋内）,50代,5,145,150,,"[""大手・有名企業"",""派遣社員就業中"",""カジュアルでの通勤OK"",""未経験歓迎"",""休憩室あり"",""髪・ネイル自由"",""事務はじめてOK""]",,,,,01
TS24-0503886,"＼丸の内☆大手外資／英語あり◎環境GOOD！アドミ業務","派遣",,,1900,/jbch/job/tokyo/13101/sd-51/TS240503886/,1,,200001,総務事務 / 一般事務・OA事務 / セクレタリー業務,"時給 1,900円～1,900円",09:00～18:00,東京都 千代田区,1,01,13,,,1,"[""総務事務"",""一般事務・OA事務"",""セクレタリー業務""]","[""情報提供サービス・インターネット関連""]",23,13101,"[""都営三田線"",""ＪＲ山手線""]","[""大手町(東京都)"",""東京""]","[""大手町(東京都):徒歩"",""東京:徒歩""]",,003,001,0,2024年08月上旬,6ヶ月以上（長期）,0,09:00,18:00,08:00,0,001,0,"[""月"",""火"",""水"",""木"",""金""]",001,時給,1900.00,,,,001,,"[""休憩室""]",禁煙（敷地内/屋内）,40代,,,,,"[""大手・有名企業"",""外資系企業"",""英語を使う仕事"",""未経験歓迎"",""休憩室あり"",""駅直結""]","[""英語""]","[""英語:電話取次"",""英語:日常会話""]","[""英語:メモ・手紙"",""英語:ビジネス文書""]",,01
TS24-0503883,"《留学経験も活かせる》2,300円×海外事業サポート@新宿","派遣",,,2300,/jbch/job/tokyo/13104/sd-51/TS240503883/,1,,200001,英文事務 / グループセクレタリー,"時給 2,300円～2,300円",09:00～17:40,東京都 新宿区,1,01,13,,,2,"[""英文事務"",""グループセクレタリー""]","[""デベロッパー・その他不動産"",""仲介・賃貸・管理""]",23,13104,"[""ＪＲ山手線"",""東京メトロ丸ノ内線(池袋－荻窪)""]","[""新宿"",""西新宿""]","[""新宿:徒歩"",""西新宿:徒歩""]",,003,000,0,2024年08月上旬,6ヶ月以上（長期）,0,09:00,17:40,07:40,0,001,0,"[""月"",""火"",""水"",""木"",""金""]",001,時給,2300.00,,,,001,,"[""食堂"",""休憩室"",""ロッカー"",""購買施設""]",禁煙（敷地内/屋内）,30代,4,4,100,,"[""大手・有名企業"",""派遣社員就業中"",""カジュアルでの通勤OK"",""複数名募集"",""未経験歓迎"",""社食あり"",""休憩室あり"",""事務はじめてOK""]",,,,"[""001:文字入力・修正""]",01
TS24-0503880,"期間限定【7/16-9/30】電話なし♪書類のチェック＆採番のお仕事","派遣",,,1400,/jbch/job/tokyo/13108/sd-51/TS240503880/,1,,200001,一般事務・OA事務 / データエントリー業務,"時給 1,400円～1,400円",09:30～18:30,東京都 江東区,1,01,13,,,1,"[""一般事務・OA事務"",""データエントリー業務""]","[""その他サービス"",""システムインテグレータ"",""ソフトウェア開発"",""コンサル・シンクタンク""]",23,13108,"[""東京メトロ東西線"",""東京メトロ東西線""]","[""東陽町"",""木場(東京都)""]","[""東陽町:徒歩"",""木場(東京都):徒歩""]",,003,000,0,2024年07月中旬,1～3ヶ月未満,0,09:30,18:30,08:00,0,001,0,"[""月"",""火"",""水"",""木"",""金""]",001,時給,1400.00,,,,001,,"[""休憩室""]",禁煙（敷地内/屋内）,30代,,,,,"[""駅から徒歩5分以内"",""未経験歓迎"",""休憩室あり"",""電話対応なし""]",,,,,01
TS24-0503878,"無理なく週4日◎未経験から事務デビュー♪環境GOOD★*＠南船橋","派遣",,,1450,/jbch/job/chiba/12204/sd-51/TS240503878/,1,,200001,営業事務（受発注） / カスタマーサポート / 一般事務・OA事務,"時給 1,450円～1,450円",09:00～17:00,千葉県 船橋市,1,01,12,,,1,"[""営業事務（受発注）"",""カスタマーサポート"",""一般事務・OA事務""]","[""情報提供サービス・インターネット関連""]",23,12204,"[""ＪＲ京葉線(東京－蘇我)"",""京成本線""]","[""南船橋"",""船橋競馬場""]","[""南船橋:徒歩"",""船橋競馬場:車""]",,003,000,1,2024年07月中旬,6ヶ月以上（長期）,0,09:00,17:00,07:00,1,003,0,"[""月"",""火"",""木"",""金""]",002,時給,1450.00,,,,001,,"[""休憩室""]",禁煙（敷地内/屋内）,30代,3,9,12,,"[""未経験歓迎"",""休憩室あり"",""事務はじめてOK""]",,,,"[""001:文字入力・修正""]",01
TS24-0503877,"未経験OK＼残業基本ナシ＆カンタン軽作業♪／時給1250円★＠東御","派遣",,,1250,/jbch/job/nagano/20219/sd-66/TS240503877/,1,,200001,ピッキング・仕分業務 / 製品検査修理 / デリバリー（配達・配送）業務,"時給 1,250円～1,250円",08:30～17:30,長野県 東御市,1,01,20,,,1,"[""ピッキング・仕分業務"",""製品検査修理"",""デリバリー（配達・配送）業務""]","[""機械・電機・ＯＡ商社"",""半導体・電子部品商社""]",24,20219,"[""しなの鉄道""]","[""田中""]","[""田中:車""]",,003,000,1,2024年07月中旬,6ヶ月以上（長期）,0,08:30,17:30,08:00,0,001,0,"[""月"",""火"",""水"",""木"",""金""]",001,時給,1250.00,,,,001,,"[""休憩室"",""制服"",""更衣室"",""ロッカー""]",禁煙（敷地内/屋内）,30代,1,0,1,,"[""大手・有名企業"",""駅から徒歩5分以内"",""未経験歓迎"",""休憩室あり""]",,,,,06
TS24-0503876,"■扶養枠内（家庭との両立させたい）■充実研修で安心◎","契約社員",,,1240,/jbch/job/kanagawa/14116/sd-51/TS240503876/,1,,200001,一般事務・OA事務 / 金融事務（銀行関連） / 接客・サービス業務,"時給 1,240円～1,240円",09:00～16:00,神奈川県 横浜市泉区,1,04,14,/jbch/jcShigotoImage.do?id=OFFICE_PICT1_0n5l9ex3bROPQ,/jbch/jcShigotoImage.do?id=OFFICE_PICT2_0n5l9ex3bROPQ,,"[""一般事務・OA事務"",""金融事務（銀行関連）"",""接客・サービス業務""]","[""銀行・ネット銀行"",""コンサル・シンクタンク"",""その他金融関連""]",23,14116,"[""横浜市営地下鉄ブルーライン(関内－湘南台)""]","[""立場""]","[""立場:徒歩""]",,002,000,0,,,0,09:00,16:00,06:00,1,003,0,"[""月"",""火"",""水"",""木"",""金""]",002,時給,1240.00,,,,002,,"[""休憩室"",""制服""]",禁煙（敷地内/屋内）,40代,,,,,"[""大手・有名企業"",""駅から徒歩5分以内"",""未経験歓迎"",""休憩室あり"",""事務はじめてOK""]",,,,,01
TS24-0503875,"【英語：貿易事務】昇給可能/経験に応じて年収相談/東芝Gr","正社員",,,,/jbch/job/kanagawa/14132/sd-51/TS240503875/,1,,200001,輸出業務 / 輸入業務 / 海外営業事務,"年収 400万円～450万円",08:30～17:00,神奈川県 川崎市幸区,1,03,14,,,,"[""輸出業務"",""輸入業務"",""海外営業事務""]","[""半導体・電子部品商社"",""化学・石油商社""]",23,14132,"[""ＪＲ京浜東北線"",""京急本線""]","[""川崎"",""京急川崎""]","[""川崎:徒歩"",""京急川崎:徒歩""]",,002,001,0,,6ヶ月以上（長期）,0,08:30,17:00,07:45,1,002,0,"[""月"",""火"",""水"",""木"",""金""]",001,年収,,,,400.00,001,,,禁煙（敷地内/屋内）,30代,,,,,"[""駅から徒歩5分以内""]",,,,,01
TS24-0503872,"時短ではたらこ♪CADデビューwelcome★事務のお仕事＠小諸市","派遣",,,1250,/jbch/job/nagano/20208/sd-59/TS240503872/,1,,200001,CAD操作業務（建築・土木系） / 一般事務・OA事務 / 経理・財務,"時給 1,250円～1,250円",09:00～17:00,長野県 小諸市,1,01,20,,,1,"[""CAD操作業務（建築・土木系）"",""一般事務・OA事務"",""経理・財務""]","[""プラントエンジニアリング・設備工事""]",24,20208,"[""しなの鉄道""]","[""平原""]","[""平原:車""]",,003,000,1,2024年07月中旬,6ヶ月以上（長期）,0,09:00,17:00,06:30,0,001,0,"[""月"",""火"",""水"",""木"",""金""]",001,時給,1250.00,,,,001,,,禁煙（敷地内/屋内）,40代,3,3,,,"[""駅から徒歩5分以内"",""未経験歓迎""]",,,,"[""001:文字入力・修正""]",05
TS24-0503871,"【扶養枠内OK】週3日勤務で家庭と両立◎未経験からチャレンジ☆","契約社員",,,1290,/jbch/job/kanagawa/14132/sd-51/TS240503871/,1,,200001,一般事務・OA事務 / 金融事務（銀行関連） / 接客・サービス業務,"時給 1,290円～1,290円",09:00～16:00,神奈川県 川崎市幸区,1,04,14,/jbch/jcShigotoImage.do?id=OFFICE_PICT1_0n5l9ex3bROPO,/jbch/jcShigotoImage.do?id=OFFICE_PICT2_0n5l9ex3bROPO,10,"[""一般事務・OA事務"",""金融事務（銀行関連）"",""接客・サービス業務""]","[""銀行・ネット銀行"",""コンサル・シンクタンク"",""その他金融関連""]",23,14132,"[""ＪＲ南武線(川崎－立川)"",""ＪＲ湘南新宿ライン(東北本線－横須賀線)""]","[""鹿島田"",""新川崎""]","[""鹿島田:徒歩"",""新川崎:徒歩""]",,002,000,0,,,0,09:00,16:00,06:00,1,003,0,"[""月"",""火"",""水"",""木"",""金""]",002,時給,1290.00,,,,001,,"[""休憩室"",""制服""]",禁煙（敷地内/屋内）,40代,60,40,100,,"[""大手・有名企業"",""駅から徒歩5分以内"",""複数名募集"",""未経験歓迎"",""休憩室あり""]",,,,,01
TS24-0503870,"長期《16時マデ★》電話すこし☆安心の大手金融◎窓口業務など♪","派遣",,,1220,/jbch/job/okayama/33208/sd-51/TS240503870/,1,,200001,一般事務・OA事務 / 金融事務（銀行関連）,"時給 1,220円",09:00～16:00,岡山県 総社市,1,01,33,,,1,"[""一般事務・OA事務"",""金融事務（銀行関連）""]","[""銀行・ネット銀行"",""その他金融関連""]",28,33208,"[""ＪＲ吉備線""]","[""総社""]","[""総社:徒歩""]",,003,000,1,2024年08月上旬,6ヶ月以上（長期）,0,09:00,16:00,06:00,0,001,0,"[""月"",""火"",""水"",""木"",""金""]",001,時給,1220.00,,,,001,,"[""制服""]",禁煙（敷地内/屋内）,,7,8,13,,"[""大手・有名企業""]",,,,,01
TS24-0503869,"＼就業環境GOOD！／仲間と楽しく働こう♪支店での接客＆事務","契約社員",,,1240,/jbch/job/kanagawa/14206/sd-51/TS240503869/,1,,200001,一般事務・OA事務 / 金融事務（銀行関連） / 接客・サービス業務,"時給 1,240円～1,240円",09:00～16:00,神奈川県 小田原市,1,04,14,/jbch/jcShigotoImage.do?id=OFFICE_PICT1_16NpQHvWxIKQJ,/jbch/jcShigotoImage.do?id=OFFICE_PICT2_16NpQHvWxIKQJ,10,"[""一般事務・OA事務"",""金融事務（銀行関連）"",""接客・サービス業務""]","[""銀行・ネット銀行"",""コンサル・シンクタンク"",""その他金融関連""]",23,14206,"[""ＪＲ東海道本線(東京－熱海)"",""小田急小田原線""]","[""小田原"",""小田原""]","[""小田原:徒歩"",""小田原:徒歩""]",,002,000,0,,,0,09:00,16:00,06:00,1,003,0,"[""月"",""火"",""水"",""木"",""金""]",002,時給,1240.00,,,,001,,"[""休憩室"",""制服""]",禁煙（敷地内/屋内）,,,,,,"[""大手・有名企業"",""駅から徒歩5分以内"",""複数名募集"",""未経験歓迎"",""休憩室あり""]",,,,,01
TS24-0503866,"【5名】1,800円！法人顧客へのTEL発信＠大手町《8.9月開始》","派遣",,,1800,/jbch/job/tokyo/13101/sd-56/TS240503866/,1,,200001,テレマーケティング業務（発信） / 一般事務・OA事務 / 営業（法人）,"時給 1,800円～1,800円",09:15～17:30,東京都 千代田区,1,01,13,/jbch/jcShigotoImage.do?id=OFFICE_PICT1_16NpQHvWxIKQw,/jbch/jcShigotoImage.do?id=OFFICE_PICT2_16NpQHvWxIKQw,5,"[""テレマーケティング業務（発信）"",""一般事務・OA事務"",""営業（法人）""]","[""その他サービス"",""コンサル・シンクタンク""]",23,13101,"[""東京メトロ丸ノ内線(池袋－荻窪)"",""東京メトロ東西線""]","[""大手町(東京都)"",""竹橋""]","[""大手町(東京都):徒歩"",""竹橋:徒歩""]",,003,000,0,2024年08月上旬,6ヶ月以上（長期）,0,09:15,17:30,07:30,0,001,0,"[""月"",""火"",""水"",""木"",""金""]",001,時給,1800.00,,,,001,,"[""休憩室"",""ロッカー""]",禁煙（敷地内/屋内）,40代,15,22,50,,"[""大手・有名企業"",""派遣社員就業中"",""カジュアルでの通勤OK"",""複数名募集"",""未経験歓迎"",""休憩室あり"",""新卒・第二新卒歓迎"",""駅直結""]",,,,"[""001:文字入力・修正""]",01
TS24-0503865,"残業なし！ピカピカ新築オフィス☆データ入力などカンタン事務♪","派遣",,,1750,/jbch/job/tokyo/13103/sd-51/TS240503865/,1,,200001,一般事務・OA事務 / データエントリー業務,"時給 1,750円～1,750円",09:00～17:30,東京都 港区,1,01,13,,,1,"[""一般事務・OA事務"",""データエントリー業務""]","[""団体・組合・連合会"",""その他サービス""]",23,13103,"[""東京メトロ日比谷線"",""都営三田線""]","[""神谷町"",""御成門""]","[""神谷町:徒歩"",""御成門:徒歩""]",,003,000,0,2024年08月上旬,6ヶ月以上（長期）,0,09:00,17:30,07:30,0,001,0,"[""月"",""火"",""水"",""木"",""金""]",001,時給,1750.00,,,,001,,"[""休憩室""]",禁煙（敷地内/屋内）,20代,1,3,30,,"[""派遣社員就業中"",""未経験歓迎"",""休憩室あり""]",,,,"[""001:文字入力・修正""]",01
TS24-0503864,"【未経験可】世代を問わず人気！☆*下着メーカーでの販売*☆","派遣",,,1300,/jbch/job/hokkaido/01207/sd-58/TS240503864/,1,,200001,アパレル販売,"時給 1,300円～1,300円",08:45～17:15,北海道 帯広市,1,01,01,,,1,"[""アパレル販売""]","[""繊維・アパレル・服飾品（メーカー）"",""繊維・アパレル商社"",""衣料品・衣料小物販売""]",21,01207,"[""ＪＲ根室本線""]","[""帯広""]","[""帯広:車""]",,003,000,1,2024年08月上旬,6ヶ月以上（長期）,1,08:45,17:15,07:30,1,003,1,"[""月"",""火"",""水"",""木"",""金"",""土"",""日"",""祝""]",001,時給,1300.00,,,,001,,"[""休憩室"",""ロッカー"",""購買施設""]",禁煙（敷地内/屋内）,,0,6,3,,"[""大手・有名企業"",""外資系企業"",""派遣社員就業中"",""カジュアルでの通勤OK"",""未経験歓迎"",""休憩室あり""]",,,,,02
TS24-0503863,"1850円＼在宅週2日／企業のリサーチ&バックオフィス☆若手多め♪","派遣",,,1850,/jbch/job/tokyo/13103/sd-51/TS240503863/,1,,200001,一般事務・OA事務 / 人事（採用） / データエントリー業務,"時給 1,850円～1,850円",09:00～17:00,東京都 港区,1,01,13,,,,"[""一般事務・OA事務"",""人事（採用）"",""データエントリー業務""]","[""会計・税務関連事務所""]",23,13103,"[""東京メトロ南北線"",""東京メトロ銀座線""]","[""六本木一丁目"",""溜池山王""]","[""六本木一丁目:徒歩"",""溜池山王:徒歩""]",,003,001,0,2024年08月上旬,6ヶ月以上（長期）,0,09:00,17:00,07:00,0,001,0,"[""月"",""火"",""水"",""木"",""金""]",001,時給,1850.00,,,,001,,"[""食堂"",""ロッカー""]",禁煙（敷地内/屋内）,30代,17,17,200,,"[""大手・有名企業"",""派遣社員就業中"",""社食あり"",""駅直結""]",,,,"[""001:文字入力・修正""]",01
TS24-0503860,"横浜市金沢区◆コツコツ＊マニュアル作成！◆入力できればOK♪","派遣",,,1400,/jbch/job/kanagawa/14108/sd-51/TS240503860/,1,,200001,一般事務・OA事務 / データエントリー業務,"時給 1,400円～1,400円",08:30～17:30,神奈川県 横浜市金沢区,1,01,14,,,1,"[""一般事務・OA事務"",""データエントリー業務""]","[""機械設計"",""映像・番組制作・ポスプロ・配給"",""ソフトウェア開発""]",23,14108,"[""横浜シーサイドライン"",""横浜シーサイドライン""]","[""市大医学部"",""福浦""]","[""市大医学部:徒歩"",""福浦:徒歩""]",,003,000,0,2024年08月上旬,6ヶ月以上（長期）,0,08:30,17:30,08:00,1,002,0,"[""月"",""火"",""水"",""木"",""金""]",001,時給,1400.00,,,,001,,"[""食堂"",""休憩室"",""ロッカー"",""購買施設""]",禁煙（敷地内/屋内）,30代,4,7,80,,"[""大手・有名企業"",""駅から徒歩5分以内"",""派遣社員就業中"",""未経験歓迎"",""社食あり"",""休憩室あり"",""電話対応なし"",""事務はじめてOK""]",,,,,01
TS24-0503859,"＼業界経験ある方必見／アパレル商社で営業事務♪","派遣",,,1800,/jbch/job/tokyo/13101/sd-51/TS240503859/,1,,200001,一般事務・OA事務 / 営業事務（受発注以外） / 営業事務（受発注）,"時給 1,800円～1,900円",09:30～18:30,東京都 千代田区,1,01,13,,,1,"[""一般事務・OA事務"",""営業事務（受発注以外）"",""営業事務（受発注）""]","[""総合商社"",""繊維・アパレル商社""]",23,13101,"[""都営新宿線"",""ＪＲ山手線""]","[""岩本町"",""秋葉原""]","[""岩本町:徒歩"",""秋葉原:徒歩""]",,003,000,0,2024年07月中旬,6ヶ月以上（長期）,0,09:30,18:30,08:00,1,002,0,"[""月"",""火"",""水"",""木"",""金""]",001,時給,1800.00,,,,001,,"[""食堂""]",禁煙（敷地内/屋内）,40代,2,10,100,,"[""大手・有名企業"",""駅から徒歩5分以内"",""派遣社員就業中"",""カジュアルでの通勤OK"",""未経験歓迎"",""社食あり"",""髪・ネイル自由""]",,,,,01
TS24-0503856,"【時給1,900円★】外資×大手クラウド会社！英語使用あり♪","派遣",,,1900,/jbch/job/tokyo/13103/sd-51/TS240503856/,1,,200001,一般事務・OA事務 / 営業事務（受発注以外）,"時給 1,900円～1,900円",09:00～17:00,東京都 港区,1,01,13,/jbch/jcShigotoImage.do?id=OFFICE_PICT1_2agRr5bJv9637,/jbch/jcShigotoImage.do?id=OFFICE_PICT2_2agRr5bJv9637,1,"[""一般事務・OA事務"",""営業事務（受発注以外）""]","[""ソフトウェア開発"",""その他製造""]",23,13103,"[""東京メトロ銀座線""]","[""外苑前""]","[""外苑前:徒歩""]",,003,000,0,2024年07月下旬,6ヶ月以上（長期）,0,09:00,17:00,07:00,1,003,0,"[""月"",""火"",""水"",""木"",""金""]",001,時給,1900.00,,,,001,,"[""食堂"",""購買施設""]",禁煙（敷地内/屋内）,30代,,,100,,"[""大手・有名企業"",""外資系企業"",""英語を使う仕事"",""駅から徒歩5分以内"",""社食あり""]","[""英語""]","[""英語:電話取次"",""英語:日常会話""]","[""英語:メモ・手紙""]","[""008:ピボットテーブル"",""006:IF関数"",""005:VLOOKUP関数""]",01
TS24-0503855,"＜バイオ実験スキルUP＞再生医療/研究施設での細胞・遺伝子実験","派遣",,,1950,/jbch/job/tokyo/13109/sd-65/TS240503855/,1,,200001,研究開発業務 / 一般事務・OA事務,"時給 1,950円～2,000円",09:00～18:00,東京都 品川区,1,01,13,,,1,"[""研究開発業務"",""一般事務・OA事務""]","[""その他医療サービス"",""医薬品""]",23,13109,"[""東京モノレール""]","[""大井競馬場前""]","[""大井競馬場前:徒歩""]",,003,000,0,2024年09月上旬,6ヶ月以上（長期）,0,09:00,18:00,08:00,1,002,0,"[""月"",""火"",""水"",""木"",""金""]",001,時給,1950.00,,,,001,,"[""制服"",""更衣室"",""ロッカー""]",禁煙（敷地内/屋内）,,,,,,"[""大手・有名企業"",""駅から徒歩5分以内"",""カジュアルでの通勤OK""]",,,,,03
TS24-0503854,"【8月開始】スキマバイトサービス運営企業★パーソルGrで働く！","派遣",,,1800,/jbch/job/tokyo/13103/sd-51/TS240503854/,1,,200001,一般事務・OA事務 / 営業事務（受発注以外） / データエントリー業務,"時給 1,800円～1,800円",09:30～18:30,東京都 港区,1,01,13,,,1,"[""一般事務・OA事務"",""営業事務（受発注以外）"",""データエントリー業務""]","[""人材サービス""]",23,13103,"[""東京メトロ千代田線"",""東京メトロ半蔵門線""]","[""乃木坂"",""青山一丁目""]","[""乃木坂:徒歩"",""青山一丁目:徒歩""]",,003,001,0,2024年08月上旬,6ヶ月以上（長期）,0,09:30,18:30,08:00,1,002,0,"[""月"",""火"",""水"",""木"",""金""]",001,時給,1800.00,,,,001,,"[""休憩室"",""購買施設""]",分煙（喫煙場所/専用室設定）,30代,8,6,40,,"[""駅から徒歩5分以内"",""カジュアルでの通勤OK"",""休憩室あり"",""電話対応なし"",""髪・ネイル自由""]",,,,"[""008:ピボットテーブル"",""005:VLOOKUP関数"",""003:SUM関数・簡易計算式""]",01
TS24-0503852,"未経験OK♪受け入れ態勢バッチリ☆20代～活躍中の事務サポート♪","派遣",,,1650,/jbch/job/tokyo/13113/sd-51/TS240503852/,1,,200001,一般事務・OA事務,"時給 1,650円～1,650円",09:00～17:30,東京都 渋谷区,1,01,13,,,1,"[""一般事務・OA事務""]","[""ソフトウェア開発""]",23,13113,"[""東急東横線"",""ＪＲ埼京線""]","[""渋谷"",""渋谷""]","[""渋谷:徒歩"",""渋谷:徒歩""]",,003,000,0,2024年07月中旬,6ヶ月以上（長期）,0,09:00,17:30,07:30,0,001,0,"[""月"",""火"",""水"",""木"",""金""]",001,時給,1650.00,,,,001,,"[""休憩室""]",禁煙（敷地内/屋内）,20代,10,1,40,,"[""大手・有名企業"",""駅から徒歩5分以内"",""未経験歓迎"",""休憩室あり"",""事務はじめてOK""]",,,,"[""001:文字入力・修正""]",01
TS24-0503851,"＼まだ間に合う☆7月開始！／秘書の経験をいかして高収入GET★","派遣",,,2100,/jbch/job/tokyo/13103/sd-51/TS240503851/,1,,200001,一般事務・OA事務 / グループセクレタリー / セクレタリー業務,"時給 2,100円～2,100円",09:00～17:30,東京都 港区,1,01,13,,,1,"[""一般事務・OA事務"",""グループセクレタリー"",""セクレタリー業務""]","[""医療機器""]",23,13103,"[""ＪＲ山手線"",""都営浅草線""]","[""田町(東京都)"",""三田(東京都)""]","[""田町(東京都):徒歩"",""三田(東京都):徒歩""]",,003,001,0,2024年08月上旬,6ヶ月以上（長期）,0,09:00,17:30,07:30,1,002,0,"[""月"",""火"",""水"",""木"",""金""]",001,時給,2100.00,,,,001,,"[""休憩室""]",禁煙（敷地内/屋内）,40代,0,3,,,"[""大手・有名企業"",""外資系企業"",""英語を使う仕事"",""カジュアルでの通勤OK"",""休憩室あり"",""髪・ネイル自由""]","[""英語""]","[""英語:電話取次""]","[""英語:メモ・手紙""]","[""003:SUM関数・簡易計算式""]",01
TS24-0503850,"土日祝休み◎週4日～OK！スキル活かせる≪英＆事務サポート★≫","派遣",,,1750,/jbch/job/tokyo/13104/sd-51/TS240503850/,1,,200001,一般事務・OA事務,"時給 1,750円～1,750円",10:00～19:00,東京都 新宿区,1,01,13,,,3,"[""一般事務・OA事務""]","[""半導体・電子部品商社"",""情報提供サービス・インターネット関連"",""電信・電話""]",23,13104,"[""都営大江戸線"",""東京メトロ丸ノ内線(池袋－荻窪)""]","[""東新宿"",""新宿三丁目""]","[""東新宿:徒歩"",""新宿三丁目:徒歩""]",,003,000,0,2024年07月下旬,6ヶ月以上（長期）,0,10:00,19:00,08:00,0,001,0,"[""月"",""火"",""水"",""木"",""金""]",001,時給,1750.00,,,,001,,"[""休憩室""]",禁煙（敷地内/屋内）,20代,5,15,50,,"[""大手・有名企業"",""英語を使う仕事"",""駅から徒歩5分以内"",""カジュアルでの通勤OK"",""複数名募集"",""未経験歓迎"",""休憩室あり"",""髪・ネイル自由""]",,,,,01
TS24-0503848,"【９月】週４勤務～相談OK！駅チカ３分◎好立地×販売のお仕事","派遣",,,1500,/jbch/job/osaka/27205/sd-58/TS240503848/,1,,200001,その他販売 / 接客・サービス業務,"時給 1,500円～1,500円",10:00～18:00,大阪府 吹田市,1,01,27,,,1,"[""その他販売"",""接客・サービス業務""]","[""その他"",""百貨店・スーパー・コンビニ"",""その他小売""]",27,27205,"[""国際文化公園都市モノレール""]","[""万博記念公園""]","[""万博記念公園:徒歩""]",,003,000,0,2024年09月上旬,6ヶ月以上（長期）,1,10:00,18:00,07:00,1,003,1,"[""月"",""火"",""水"",""木"",""金"",""土"",""日"",""祝""]",001,時給,1500.00,,,,001,,"[""休憩室""]",禁煙（敷地内/屋内）,,,1,,,"[""駅から徒歩5分以内"",""未経験歓迎"",""休憩室あり""]",,,,,02
TS24-0503846,"【週3×7H】はたらき方選べる★高時給2000円！経理のオシゴト♪","派遣",,,2000,/jbch/job/tokyo/13109/sd-51/TS240503846/,1,,200001,経理・財務 / 一般事務・OA事務,"時給 2,000円～2,000円",10:00～18:00,東京都 品川区,1,01,13,,,1,"[""経理・財務"",""一般事務・OA事務""]","[""その他サービス"",""外食・フードサービス"",""旅行代理店""]",23,13109,"[""ＪＲ山手線"",""都営浅草線""]","[""五反田"",""高輪台""]","[""五反田:徒歩"",""高輪台:徒歩""]",,003,000,0,2024年08月上旬,6ヶ月以上（長期）,0,10:00,18:00,07:00,0,001,0,"[""月"",""火"",""水"",""木"",""金""]",002,時給,2000.00,,,,001,,"[""休憩室""]",禁煙（敷地内/屋内）,40代,3,15,80,,"[""駅から徒歩5分以内"",""派遣社員就業中"",""カジュアルでの通勤OK"",""未経験歓迎"",""休憩室あり""]",,,,"[""005:VLOOKUP関数""]",01
TS24-0503844,"【社員化実績あり◎】カフェ風オシャレofficeで事務♪＠静岡駅","派遣",,,1320,/jbch/job/shizuoka/22102/sd-51/TS240503844/,1,,200001,一般事務・OA事務 / 営業事務（受発注以外） / データエントリー業務,"時給 1,320円以上",09:00～18:00,静岡県 静岡市駿河区,1,01,22,,,1,"[""一般事務・OA事務"",""営業事務（受発注以外）"",""データエントリー業務""]","[""ソフトウェア開発""]",26,22102,"[""ＪＲ東海道本線(熱海－米原)"",""静岡鉄道静岡清水線""]","[""静岡"",""新静岡""]","[""静岡:徒歩"",""新静岡:徒歩""]",,003,000,0,2024年08月上旬,6ヶ月以上（長期）,0,09:00,18:00,08:00,1,002,0,"[""月"",""火"",""水"",""木"",""金""]",001,時給,1320.00,,,,001,,"[""ロッカー""]",禁煙（敷地内/屋内）,,0,11,80,,"[""カジュアルでの通勤OK"",""未経験歓迎"",""駅直結"",""髪・ネイル自由""]",,,,"[""003:SUM関数・簡易計算式"",""001:文字入力・修正""]",01
TS24-0503842,"大手ネット銀行×未経験OK♪簡単問い合わせ対応！","派遣",,,1650,/jbch/job/tokyo/13104/sd-56/TS240503842/,1,,200001,テレマーケティング業務（受信） / 一般事務・OA事務 / 金融事務（銀行関連）,"時給 1,650円～1,650円",08:40～17:10,東京都 新宿区,1,01,13,,,1,"[""テレマーケティング業務（受信）"",""一般事務・OA事務"",""金融事務（銀行関連）""]","[""銀行・ネット銀行""]",23,13104,"[""ＪＲ山手線"",""東京メトロ丸ノ内線(池袋－荻窪)""]","[""新宿"",""西新宿""]","[""新宿:徒歩"",""西新宿:徒歩""]",,003,000,0,2024年07月下旬,6ヶ月以上（長期）,0,08:40,17:10,07:30,0,001,0,"[""月"",""火"",""水"",""木"",""金""]",001,時給,1650.00,,,,001,,"[""休憩室"",""ロッカー""]",禁煙（敷地内/屋内）,30代,,,150,,"[""大手・有名企業"",""駅から徒歩5分以内"",""派遣社員就業中"",""カジュアルでの通勤OK"",""未経験歓迎"",""休憩室あり"",""髪・ネイル自由"",""事務はじめてOK""]",,,,,01
TS24-0503841,"＜週2-3↑在宅×1,750円＞大手Gr企業×法人同行営業♪ 未経験OK","派遣",,,1750,/jbch/job/osaka/27102/sd-57/TS240503841/,1,,200001,営業（法人） / 営業（個人）,"時給 1,750円～1,750円",09:00～17:30,大阪府 大阪市都島区,1,01,27,,,1,"[""営業（法人）"",""営業（個人）""]","[""電信・電話"",""情報提供サービス・インターネット関連""]",27,27102,"[""ＪＲ大阪環状線"",""京阪本線""]","[""京橋(大阪府)"",""京橋(大阪府)""]","[""京橋(大阪府):徒歩"",""京橋(大阪府):徒歩""]",,003,001,0,2024年07月下旬,6ヶ月以上（長期）,0,09:00,17:30,07:30,1,002,0,"[""月"",""火"",""水"",""木"",""金""]",001,時給,1750.00,,,,001,,"[""食堂"",""休憩室"",""購買施設""]",禁煙（敷地内/屋内）,30代,20,10,30,,"[""駅から徒歩5分以内"",""派遣社員就業中"",""社食あり"",""休憩室あり""]",,,,"[""001:文字入力・修正""]",02
TS24-0503840,"【簡単】住宅ローン問い合わせ対応♪フォロー体制充実★未経験◎","派遣",,,1650,/jbch/job/tokyo/13104/sd-56/TS240503840/,1,,200001,テレマーケティング業務（受信） / 一般事務・OA事務 / 金融事務（銀行関連）,"時給 1,650円～1,650円",08:40～17:10,東京都 新宿区,1,01,13,,,1,"[""テレマーケティング業務（受信）"",""一般事務・OA事務"",""金融事務（銀行関連）""]","[""銀行・ネット銀行""]",23,13104,"[""ＪＲ山手線"",""東京メトロ丸ノ内線(池袋－荻窪)""]","[""新宿"",""西新宿""]","[""新宿:徒歩"",""西新宿:徒歩""]",,003,000,0,2024年07月下旬,6ヶ月以上（長期）,0,08:40,17:10,07:30,0,001,0,"[""月"",""火"",""水"",""木"",""金""]",001,時給,1650.00,,,,001,,"[""休憩室"",""ロッカー""]",禁煙（敷地内/屋内）,30代,,,150,,"[""大手・有名企業"",""駅から徒歩5分以内"",""派遣社員就業中"",""カジュアルでの通勤OK"",""未経験歓迎"",""休憩室あり"",""髪・ネイル自由"",""事務はじめてOK""]",,,,,01
TS24-0503839,"未経験OK×時給1,650円！知識が身につく★簡単問い合わせ対応♪","派遣",,,1650,/jbch/job/tokyo/13104/sd-56/TS240503839/,1,,200001,テレマーケティング業務（受信） / 一般事務・OA事務 / 金融事務（銀行関連）,"時給 1,650円～1,650円",08:40～17:10,東京都 新宿区,1,01,13,,,1,"[""テレマーケティング業務（受信）"",""一般事務・OA事務"",""金融事務（銀行関連）""]","[""銀行・ネット銀行""]",23,13104,"[""ＪＲ山手線"",""東京メトロ丸ノ内線(池袋－荻窪)""]","[""新宿"",""西新宿""]","[""新宿:徒歩"",""西新宿:徒歩""]",,003,000,0,2024年08月上旬,6ヶ月以上（長期）,0,08:40,17:10,07:30,0,001,0,"[""月"",""火"",""水"",""木"",""金""]",001,時給,1650.00,,,,001,,"[""休憩室"",""ロッカー""]",禁煙（敷地内/屋内）,30代,,,150,,"[""大手・有名企業"",""駅から徒歩5分以内"",""派遣社員就業中"",""カジュアルでの通勤OK"",""未経験歓迎"",""休憩室あり"",""髪・ネイル自由"",""事務はじめてOK""]",,,,,01
TS24-0503838,"《9月スタート》未経験OK>>広告◆カンタン経費チェックなど♪","派遣",,,1750,/jbch/job/tokyo/13101/sd-51/TS240503838/,1,,200001,一般事務・OA事務,"時給 1,750円～1,750円",09:30～17:30,東京都 千代田区,1,01,13,,,1,"[""一般事務・OA事務""]","[""その他サービス"",""システムインテグレータ"",""旅行代理店""]",23,13101,"[""東京メトロ有楽町線"",""東京メトロ半蔵門線""]","[""麹町"",""半蔵門""]","[""麹町:徒歩"",""半蔵門:徒歩""]",,003,000,0,2024年09月上旬,6ヶ月以上（長期）,0,09:30,17:30,07:00,1,002,0,"[""月"",""火"",""水"",""木"",""金""]",001,時給,1750.00,,,,001,,,禁煙（敷地内/屋内）,30代,1,9,,,"[""大手・有名企業"",""駅から徒歩5分以内"",""派遣社員就業中"",""未経験歓迎"",""髪・ネイル自由"",""事務はじめてOK""]",,,,,01
TS24-0503837,"＼東京駅☆直結／1800円×17時台定時♪インテリア系企業で受発注","派遣",,,1800,/jbch/job/tokyo/13101/sd-51/TS240503837/,1,,200001,営業事務（受発注） / 一般事務・OA事務,"時給 1,800円～1,800円",09:00～17:30,東京都 千代田区,1,01,13,,,1,"[""営業事務（受発注）"",""一般事務・OA事務""]","[""住宅（メーカー）""]",23,13101,"[""東京メトロ千代田線"",""ＪＲ山手線""]","[""二重橋前"",""東京""]","[""二重橋前:徒歩"",""東京:徒歩""]",,003,000,0,2024年08月上旬,6ヶ月以上（長期）,0,09:00,17:30,07:30,0,001,0,"[""月"",""火"",""水"",""木"",""金""]",001,時給,1800.00,,,,001,,"[""休憩室"",""更衣室"",""ロッカー""]",禁煙（敷地内/屋内）,20代,10,15,35,,"[""大手・有名企業"",""派遣社員就業中"",""カジュアルでの通勤OK"",""休憩室あり"",""駅直結""]",,,,,01
TS24-0503835,"【定年60歳】無期転換制度で長期勤務☆パートタイマー募集◎","契約社員",,,1240,/jbch/job/kanagawa/14204/sd-51/TS240503835/,1,,200001,一般事務・OA事務 / 金融事務（銀行関連） / 接客・サービス業務,"時給 1,240円～1,240円",09:00～16:00,神奈川県 鎌倉市,1,04,14,,,10,"[""一般事務・OA事務"",""金融事務（銀行関連）"",""接客・サービス業務""]","[""銀行・ネット銀行"",""コンサル・シンクタンク"",""その他金融関連""]",23,14204,"[""ＪＲ東海道本線(東京－熱海)"",""ＪＲ横須賀線""]","[""大船"",""大船""]","[""大船:徒歩"",""大船:徒歩""]",,002,000,0,,,0,09:00,16:00,06:00,1,003,0,"[""月"",""火"",""水"",""木"",""金""]",002,時給,1240.00,,,,001,,"[""休憩室"",""制服""]",禁煙（敷地内/屋内）,,,,,,"[""大手・有名企業"",""駅から徒歩5分以内"",""複数名募集"",""未経験歓迎"",""休憩室あり"",""事務はじめてOK""]",,,,,01
TS24-0503834,"ゆったり10時台スタート☆希望休出せる↑未経験OK♪注文受付","派遣",,,1300,/jbch/job/hyogo/28202/sd-51/TS240503834/,1,,200001,一般事務・OA事務 / テレマーケティング業務（受信） / 他オフィスワーク,"時給 1,300円～1,300円",10:30～19:00,兵庫県 尼崎市,1,01,28,,,,"[""一般事務・OA事務"",""テレマーケティング業務（受信）"",""他オフィスワーク""]","[""電信・電話"",""その他サービス"",""その他小売""]",27,28202,"[""阪神本線"",""阪神本線""]","[""尼崎(阪神線)"",""尼崎センタープール前""]","[""尼崎(阪神線):車"",""尼崎センタープール前:徒歩""]",,003,000,0,2024年07月中旬,6ヶ月以上（長期）,0,10:30,19:00,07:30,0,001,0,"[""月"",""火"",""水"",""木"",""金"",""土""]",001,時給,1300.00,,,,001,,"[""休憩室"",""ロッカー""]",禁煙（敷地内/屋内）,50代,5,145,150,,"[""大手・有名企業"",""派遣社員就業中"",""カジュアルでの通勤OK"",""未経験歓迎"",""休憩室あり"",""髪・ネイル自由"",""事務はじめてOK""]",,,,"[""001:文字入力・修正""]",01
TS24-0503832,"＜定時が17時半★＞社食アリ♪都庁前駅スグ＠1750円","派遣",,,1750,/jbch/job/tokyo/13104/sd-56/TS240503832/,1,,200001,テレマーケティング業務（受信） / 総務事務,"時給 1,750円～1,750円",09:00～17:30,東京都 新宿区,1,01,13,,,1,"[""テレマーケティング業務（受信）"",""総務事務""]","[""コンサル・シンクタンク""]",23,13104,"[""都営大江戸線"",""ＪＲ山手線""]","[""都庁前"",""新宿""]","[""都庁前:徒歩"",""新宿:徒歩""]",,003,000,0,2024年07月下旬,6ヶ月以上（長期）,0,09:00,17:30,07:30,0,001,0,"[""月"",""火"",""水"",""木"",""金""]",001,時給,1750.00,,,,001,,"[""食堂"",""休憩室""]",禁煙（敷地内/屋内）,30代,9,81,120,,"[""大手・有名企業"",""外資系企業"",""駅から徒歩5分以内"",""派遣社員就業中"",""未経験歓迎"",""社食あり"",""休憩室あり""]",,,,"[""001:文字入力・修正""]",01
TS24-0503830,"＼7月開始／採用補助♪週4×時短★社員サポート事務《未経験OK》","派遣",,,1500,/jbch/job/tokyo/13205/sd-51/TS240503830/,1,,200001,人事（採用） / 総務事務 / 一般事務・OA事務,"時給 1,500円～1,500円",09:30～16:30,東京都 青梅市,1,01,13,,,1,"[""人事（採用）"",""総務事務"",""一般事務・OA事務""]","[""機械・電機・ＯＡ商社"",""半導体・電子部品商社""]",23,13205,"[""ＪＲ青梅線""]","[""小作""]","[""小作:徒歩""]",,003,000,0,2024年07月下旬,6ヶ月以上（長期）,0,09:30,16:30,06:10,0,001,0,"[""月"",""火"",""水"",""木"",""金""]",002,時給,1500.00,,,,001,,"[""食堂"",""休憩室""]",禁煙（敷地内/屋内）,,1,2,,,"[""大手・有名企業"",""未経験歓迎"",""社食あり"",""休憩室あり"",""新卒・第二新卒歓迎""]",,,,"[""001:文字入力・修正""]",01
TS24-0503829,"世界的なアパレルブランド★Excel多め！データ集計業務","派遣",,,1850,/jbch/job/tokyo/13109/sd-51/TS240503829/,1,,200001,営業事務（受発注以外） / 一般事務・OA事務 / データエントリー業務,"時給 1,850円～1,850円",09:45～18:45,東京都 品川区,1,01,13,,,1,"[""営業事務（受発注以外）"",""一般事務・OA事務"",""データエントリー業務""]","[""衣料品・衣料小物販売"",""繊維・アパレル商社""]",23,13109,"[""東京モノレール"",""東京臨海高速鉄道りんかい線""]","[""天王洲アイル"",""天王洲アイル""]","[""天王洲アイル:徒歩"",""天王洲アイル:徒歩""]",,003,000,0,2024年07月中旬,6ヶ月以上（長期）,0,09:45,18:45,08:00,0,001,0,"[""月"",""火"",""水"",""木"",""金""]",001,時給,1850.00,,,,001,,"[""休憩室"",""ロッカー""]",禁煙（敷地内/屋内）,40代,5,0,70,,"[""大手・有名企業"",""駅から徒歩5分以内"",""カジュアルでの通勤OK"",""休憩室あり""]",,,,"[""008:ピボットテーブル"",""005:VLOOKUP関数"",""003:SUM関数・簡易計算式""]",01
TS24-0503828,"Excelを使ったデータ集計★服装自由★人気のアパレル","派遣",,,1850,/jbch/job/tokyo/13109/sd-51/TS240503828/,1,,200001,営業事務（受発注以外） / 一般事務・OA事務 / データエントリー業務,"時給 1,850円～1,850円",09:45～18:00,東京都 品川区,1,01,13,,,1,"[""営業事務（受発注以外）"",""一般事務・OA事務"",""データエントリー業務""]","[""衣料品・衣料小物販売"",""繊維・アパレル商社""]",23,13109,"[""東京モノレール"",""東京臨海高速鉄道りんかい線""]","[""天王洲アイル"",""天王洲アイル""]","[""天王洲アイル:徒歩"",""天王洲アイル:徒歩""]",,003,000,0,2024年07月中旬,6ヶ月以上（長期）,0,09:45,18:00,07:15,0,001,0,"[""月"",""火"",""水"",""木"",""金""]",001,時給,1850.00,,,,001,,"[""休憩室"",""ロッカー""]",禁煙（敷地内/屋内）,40代,5,0,70,,"[""大手・有名企業"",""駅から徒歩5分以内"",""カジュアルでの通勤OK"",""休憩室あり""]",,,,"[""008:ピボットテーブル"",""005:VLOOKUP関数"",""003:SUM関数・簡易計算式""]",01
TS24-0503827,"＼働きやすいと評判／在宅あり♪17時定時★部長秘書＆チームサポ","派遣",,,1750,/jbch/job/tokyo/13103/sd-51/TS240503827/,1,,200001,秘書業務（日本系） / 一般事務・OA事務 / 英文事務,"時給 1,750円～1,750円",09:00～17:00,東京都 港区,1,01,13,,,1,"[""秘書業務（日本系）"",""一般事務・OA事務"",""英文事務""]","[""物流・運輸・旅客輸送""]",23,13103,"[""東京メトロ銀座線"",""東京メトロ日比谷線""]","[""虎ノ門"",""虎ノ門ヒルズ""]","[""虎ノ門:徒歩"",""虎ノ門ヒルズ:徒歩""]",,003,001,0,2024年08月上旬,6ヶ月以上（長期）,0,09:00,17:00,07:00,1,002,0,"[""月"",""火"",""水"",""木"",""金""]",001,時給,1750.00,,,,001,,"[""食堂"",""ロッカー"",""購買施設""]",禁煙（敷地内/屋内）,30代,3,5,100,,"[""大手・有名企業"",""英語を使う仕事"",""駅から徒歩5分以内"",""未経験歓迎"",""社食あり""]",,,,"[""003:SUM関数・簡易計算式""]",01
TS24-0503826,"＜時短勤務＞世界的アパレルブランドで働こう！データ集計業務","派遣",,,1850,/jbch/job/tokyo/13109/sd-51/TS240503826/,1,,200001,営業事務（受発注以外） / 一般事務・OA事務 / データエントリー業務,"時給 1,850円～1,850円",09:45～17:00,東京都 品川区,1,01,13,,,1,"[""営業事務（受発注以外）"",""一般事務・OA事務"",""データエントリー業務""]","[""衣料品・衣料小物販売"",""繊維・アパレル商社""]",23,13109,"[""東京モノレール"",""東京臨海高速鉄道りんかい線""]","[""天王洲アイル"",""天王洲アイル""]","[""天王洲アイル:徒歩"",""天王洲アイル:徒歩""]",,003,000,0,2024年07月中旬,6ヶ月以上（長期）,0,09:45,17:00,06:15,0,001,0,"[""月"",""火"",""水"",""木"",""金""]",001,時給,1850.00,,,,001,,"[""休憩室"",""ロッカー""]",禁煙（敷地内/屋内）,40代,5,0,70,,"[""大手・有名企業"",""駅から徒歩5分以内"",""カジュアルでの通勤OK"",""休憩室あり""]",,,,"[""008:ピボットテーブル"",""005:VLOOKUP関数"",""003:SUM関数・簡易計算式""]",01
TS24-0503824,"【９月】月曜お休み×シフト！ショールーム受付＋事務のお仕事","派遣",,,1350,/jbch/job/kyoto/26103/sd-51/TS240503824/,1,,200001,受付（企業受付以外） / 他オフィスワーク,"時給 1,350円～1,350円",09:30～18:00,京都府 京都市左京区,1,01,26,,,1,"[""受付（企業受付以外）"",""他オフィスワーク""]","[""自動車販売"",""自動車関連・輸送機器商社""]",27,26103,"[""叡山電鉄叡山本線""]","[""茶山・京都芸術大学""]","[""茶山・京都芸術大学:徒歩""]",,003,000,0,2024年09月上旬,6ヶ月以上（長期）,0,09:30,18:00,07:30,0,001,1,"[""火"",""水"",""木"",""金"",""土"",""日"",""祝""]",001,時給,1350.00,,,,001,,,禁煙（敷地内/屋内）,,,,,,"[""大手・有名企業"",""駅から徒歩5分以内"",""未経験歓迎""]",,,,,01
TS24-0503823,"電気工学系の知識を活かす！再生エネルギー業界での実験のお仕事","派遣",,,1660,/jbch/job/kanagawa/14101/sd-65/TS240503823/,1,,200001,研究開発業務,"時給 1,660円～1,660円",09:00～17:45,神奈川県 横浜市鶴見区,1,01,14,,,1,"[""研究開発業務""]","[""ガス"",""電気"",""その他エネルギー""]",23,14101,"[""ＪＲ鶴見線(鶴見－扇町)""]","[""鶴見小野""]","[""鶴見小野:徒歩""]",,003,000,0,2024年10月上旬,6ヶ月以上（長期）,0,09:00,17:45,07:45,1,003,0,"[""月"",""火"",""水"",""木"",""金""]",001,時給,1660.00,,,,001,,"[""食堂"",""休憩室"",""制服"",""更衣室"",""ロッカー""]",禁煙（敷地内/屋内）,20代,9,1,,,"[""大手・有名企業"",""派遣社員就業中"",""カジュアルでの通勤OK"",""未経験歓迎"",""社食あり"",""休憩室あり""]",,,,"[""004:グラフ"",""003:SUM関数・簡易計算式"",""001:文字入力・修正""]",03
TS24-0503821,"２名同時募集【8月スタート！】月7日の扶養内◎問合せ対応＆事務","業務スタッフ",,,1500,/jbch/job/aichi/23106/sd-56/TS240503821/,1,,200001,テレマーケティング業務（受信） / テレマーケティング業務（発信） / 一般事務・OA事務,"時給 1,500円～1,500円",08:45～17:30,愛知県 名古屋市中区,1,05,23,,,2,"[""テレマーケティング業務（受信）"",""テレマーケティング業務（発信）"",""一般事務・OA事務""]","[""官公庁・公社・公共団体""]",26,23106,"[""名古屋市営地下鉄名城線"",""名古屋市営地下鉄名城線""]","[""名古屋城"",""久屋大通""]","[""名古屋城:徒歩"",""久屋大通:徒歩""]",,003,000,0,2024年08月下旬,3～6ヶ月未満,0,08:45,17:30,07:45,1,002,1,"[""月"",""火"",""水"",""木"",""金""]",003,時給,1500.00,,,,002,,"[""休憩室"",""ロッカー""]",禁煙（敷地内/屋内）,,,,,,"[""駅から徒歩5分以内"",""複数名募集"",""休憩室あり"",""新卒・第二新卒歓迎"",""事務はじめてOK""]",,,,"[""001:文字入力・修正""]",01
TS24-0503819,"【P&G★1年間◎2名↑コツコツ入力・チェック】英語不要◎在宅有*","派遣",,,1470,/jbch/job/hyogo/28110/sd-51/TS240503819/,1,,200001,データエントリー業務 / 一般事務・OA事務,"時給 1,470円～1,470円",09:00～17:30,兵庫県 神戸市中央区,1,01,28,/jbch/jcShigotoImage.do?id=OFFICE_PICT1_0n5l9ex3bROcs,/jbch/jcShigotoImage.do?id=OFFICE_PICT2_0n5l9ex3bROcs,2,"[""データエントリー業務"",""一般事務・OA事務""]","[""化学・石油商社"",""医療機器商社""]",27,28110,"[""ＪＲ東海道線"",""阪神本線""]","[""三ノ宮"",""神戸三宮(阪神)""]","[""三ノ宮:徒歩"",""神戸三宮(阪神):徒歩""]",,003,001,0,2024年08月上旬,6ヶ月以上（長期）,0,09:00,17:30,07:40,1,003,0,"[""月"",""火"",""水"",""木"",""金""]",001,時給,1470.00,,,,001,,,禁煙（敷地内/屋内）,30代,10,20,70,,"[""大手・有名企業"",""派遣社員就業中"",""カジュアルでの通勤OK"",""複数名募集"",""未経験歓迎"",""駅直結""]",,,,"[""008:ピボットテーブル"",""006:IF関数"",""005:VLOOKUP関数""]",01
